题目ID,比较人数,答案变化人数,答案变化率,无背景非空人数,有背景非空人数,主要答案迁移,问卷部分,题目文本,题型,显示逻辑
A6,10,10,1.0,10,10,"{""2"":{""attempts"":3,""avg_months"":3,""monthly_cost_rmb"":200},""4"":{""attempts"":2,""avg_months"":2,""monthly_cost_rmb"":300},""9"":{""attempts"":3,""avg_months"":2,""monthly_cost_rmb"":0},""10"":{""attempts"":1,""avg_months"":1.5,""monthly_cost_rmb"":200}} -> {""2"":{""attempts"":3,""avg_months"":3,""monthly_cost_rmb"":300},""4"":{""attempts"":2,""avg_months"":2,""monthly_cost_rmb"":200},""9"":{""attempts"":3,""avg_months"":2.5,""monthly_cost_rmb"":0},""11"":{""attempts"":1,""avg_months"":3,""monthly_cost_rmb"":400}}（1人）；{""2"":{""attempts"":3,""avg_months"":4,""monthly_cost_rmb"":300},""3"":{""attempts"":2,""avg_months"":2,""monthly_cost_rmb"":150},""4"":{""attempts"":1,""avg_months"":1,""monthly_cost_rmb"":200},""9"":{""attempts"":3,""avg_months"":3,""monthly_cost_rmb"":0},""12"":{""attempts"":1,""avg_months"":2,""monthly_cost_rmb"":400}} -> {""2"":{""attempts"":3,""avg_months"":3.0,""monthly_cost_rmb"":300},""4"":{""attempts"":2,""avg_months"":2.0,""monthly_cost_rmb"":200},""9"":{""attempts"":3,""avg_months"":2.0,""monthly_cost_rmb"":0},""12"":{""attempts"":1,""avg_months"":1.0,""monthly_cost_rmb"":400},""13"":{""attempts"":1,""avg_months"":3.0,""monthly_cost_rmb"":1500}}（1人）；{""2"":{""attempts"":3,""avg_months"":6,""monthly_cost_rmb"":200},""3"":{""attempts"":2,""avg_months"":2,""monthly_cost_rmb"":150},""4"":{""attempts"":2,""avg_months"":3,""monthly_cost_rmb"":200},""5"":{""attempts"":1,""avg_months"":2,""monthly_cost_rmb"":300},""9"":{""attempts"":4,""avg_months"":6,""monthly_cost_rmb"":0}} -> {""2"":{""attempts"":3,""avg_months"":6,""monthly_cost_rmb"":200},""4"":{""attempts"":2,""avg_months"":3,""monthly_cost_rmb"":300},""9"":{""attempts"":4,""avg_months"":6,""monthly_cost_rmb"":0},""12"":{""attempts"":1,""avg_months"":2,""monthly_cost_rmb"":150},""13"":{""attempts"":1,""avg_months"":4,""monthly_cost_rmb"":800}}（1人）",A 减重旅程,针对经历过的非西医减重措施，分别填写尝试次数、单次平均坚持时长和月均花费。,matrix_numeric,仅S10包含1-11任一选项时询问；只出示S10已选的1-11项。
B19,10,10,1.0,10,9,"{""A"":{""0"":5,""1"":5,""2"":6,""3"":4,""4"":3,""5"":5,""6"":5,""7"":5,""8"":4,""9"":5,""10"":5,""11"":4,""12"":4,""13"":5,""14"":5,""15"":6,""16"":6,""17"":4,""18"":5,""19"":4,""20"":3}} -> {}（1人）；{""A"":{""0"":5,""1"":5,""2"":6,""3"":4,""4"":3,""5"":5,""6"":5,""7"":5,""8"":4,""9"":5,""10"":5,""11"":4,""12"":4,""13"":6,""14"":5,""15"":6,""16"":6,""17"":3,""18"":5,""19"":4,""20"":3}} -> {""A"":{""0"":5,""1"":5,""2"":6,""3"":4,""4"":3,""5"":5,""6"":6,""7"":5,""8"":4,""9"":5,""10"":5,""11"":4,""12"":4,""13"":5,""14"":5,""15"":6,""16"":6,""17"":4,""18"":5,""19"":4,""20"":3}}（1人）；{""A"":{""0"":5,""1"":5,""2"":6,""3"":4,""4"":3,""5"":5,""6"":6,""7"":5,""8"":4,""9"":5,""10"":5,""11"":4,""12"":4,""13"":6,""14"":5,""15"":6,""16"":6,""17"":4,""18"":5,""19"":4,""20"":3}} -> {""A"":{""0"":5,""1"":5,""2"":6,""3"":4,""4"":3,""5"":5,""6"":6,""7"":5,""8"":4,""9"":5,""10"":5,""11"":4,""12"":4,""13"":6,""14"":5,""15"":6,""16"":6,""17"":3,""18"":5,""19"":4,""20"":3}}（1人）",B GLP-1药物选择与使用情况,结合实际使用体验，对使用过的GLP-1药物在各维度表现的满意度打分。,matrix_rating_1_7,仅B9使用过3/4/5/6时询问；只出示已使用药物。
C1,10,10,1.0,10,10,"{""X"":{""1"":5,""2"":5,""3"":5,""4"":5,""5"":3,""6"":5},""A"":{""1"":6,""2"":5,""3"":6,""4"":6,""5"":4,""6"":6},""B"":{""1"":5,""2"":5,""3"":5,""4"":5,""5"":4,""6"":5},""C"":{""1"":5,""2"":5,""3"":5,""4"":5,""5"":3,""6"":5}} -> {""X"":{""1"":5,""2"":5,""3"":5,""4"":6,""5"":3,""6"":5},""A"":{""1"":6,""2"":5,""3"":7,""4"":6,""5"":4,""6"":6},""B"":{""1"":6,""2"":6,""3"":5,""4"":5,""5"":4,""6"":6},""C"":{""1"":6,""2"":5,""3"":6,""4"":5,""5"":3,""6"":5}}（1人）；{""X"":{""1"":5,""2"":5,""3"":5,""4"":5,""5"":3,""6"":5},""A"":{""1"":6,""2"":5,""3"":6,""4"":6,""5"":4,""6"":6},""B"":{""1"":6,""2"":6,""3"":5,""4"":5,""5"":4,""6"":5},""C"":{""1"":5,""2"":5,""3"":5,""4"":5,""5"":3,""6"":5}} -> {""X"":{""1"":5,""2"":5,""3"":5,""4"":6,""5"":3,""6"":5},""A"":{""1"":6,""2"":5,""3"":6,""4"":6,""5"":4,""6"":6},""B"":{""1"":6,""2"":5,""3"":5,""4"":5,""5"":4,""6"":5},""C"":{""1"":6,""2"":5,""3"":6,""4"":6,""5"":3,""6"":6}}（1人）；{""X"":{""1"":5,""2"":5,""3"":5,""4"":5,""5"":3,""6"":5},""A"":{""1"":6,""2"":5,""3"":7,""4"":6,""5"":4,""6"":6},""B"":{""1"":6,""2"":5,""3"":5,""4"":5,""5"":4,""6"":5},""C"":{""1"":5,""2"":5,""3"":6,""4"":5,""5"":3,""6"":5}} -> {""X"":{""1"":5,""2"":5,""3"":5,""4"":6,""5"":3,""6"":5},""A"":{""1"":6,""2"":5,""3"":7,""4"":6,""5"":4,""6"":6},""B"":{""1"":6,""2"":5,""3"":5,""4"":5,""5"":4,""6"":5},""C"":{""1"":6,""2"":5,""3"":6,""4"":5,""5"":3,""6"":5}}（1人）",C 新产品测试,阅读产品X、产品A、产品B、产品C信息后，对各药物在各维度上的表现满意度和总体满意度分别打分。,matrix_rating_1_7,
B10,10,9,0.9,8,8," -> {""3"":{""all_reasons"":[2,4],""most_important"":4}}（1人）； -> {""3"":{""all_reasons"":[5,4],""most_important"":5}}（1人）；{""3"":{""all_reasons"":[2,4],""most_important"":4}} -> {}（1人）",B GLP-1药物选择与使用情况,既往使用过但目前已停用的GLP-1药物，停药原因分别是什么？最重要原因是什么？,matrix_multi_plus_single,仅B9中有目前已停用的药物时询问。
B13,10,9,0.9,10,9,"{""A"":[1,2,5,6,7,15]} -> {""A"":[1,5,7,8,15]}（1人）；{""A"":[1,2,5,7,15]} -> {""A"":[1,2,6,7,15]}（1人）；{""A"":[1,2,6,7,15]} -> （1人）",B GLP-1药物选择与使用情况,选择相关GLP-1时，您从哪些信息渠道获取过产品信息？,matrix_multi,仅B9使用过3/4/5/6时询问；只出示已使用药物。
B14,10,9,0.9,10,9,"{} -> {""A"":{""start_dose"":""0.25mg"",""start_weeks"":4,""maintenance_dose"":""1.0mg"",""maintenance_weeks"":16,""transition_doses"":[{""dose"":""0.5mg"",""weeks"":4}],""total_weeks"":24}}（2人）；{""A"":{""start_dose"":""0.25mg"",""start_weeks"":4,""maintenance_dose"":""1.0mg"",""maintenance_weeks"":12,""transition_doses"":[{""dose"":""0.5mg"",""weeks"":4}],""total_weeks"":20}} -> {""A"":{""start_dose"":""0.25mg"",""start_weeks"":4,""maintenance_dose"":""1mg"",""maintenance_weeks"":8,""transition_doses"":[{""dose"":""0.5mg"",""weeks"":4}],""total_weeks"":16}}（1人）；{""A"":{""start_dose"":""0.25mg"",""start_weeks"":4,""maintenance_dose"":""1.0mg"",""maintenance_weeks"":16,""transition_doses"":[{""dose"":""0.5mg"",""weeks"":4}],""total_weeks"":24}} -> {""A"":{""start_dose"":""0.25mg"",""start_weeks"":4,""maintenance_dose"":""1.0mg"",""maintenance_weeks"":20,""transition_doses"":[{""dose"":""0.5mg"",""weeks"":4}],""total_weeks"":28}}（1人）",B GLP-1药物选择与使用情况,回忆GLP-1实际使用过程中的剂量调整过程：起始剂量、维持剂量、过渡剂量及各阶段持续周数。,matrix_titration,仅B9使用过3/4/5/6时询问；只出示已使用药物。
B16,10,9,0.9,10,9,"{""A"":{""used_tool"":2,""satisfaction"":"""",""most_helpful_feature"":""""}} -> {""A"":{""used_tool"":2,""satisfaction"":"""",""most_helpful_feature"":""""},""B"":{""used_tool"":2,""satisfaction"":"""",""most_helpful_feature"":""""},""C"":{""used_tool"":2,""satisfaction"":"""",""most_helpful_feature"":""""}}（2人）；{} -> {""A"":{""used_tool"":2,""satisfaction"":"""",""most_helpful_feature"":""""}}（2人）；{""A"":{""used_tool"":1,""satisfaction"":6,""most_helpful_feature"":""用药提醒和记录体重变化的功能""}} -> {""A"":{""used_tool"":1,""satisfaction"":6,""most_helpful_feature"":""用药提醒和记录体重变化的功能比较有帮助。""}}（1人）",B GLP-1药物选择与使用情况,是否借助厂家提供的小程序作为用药记录、提醒和指南支持工具？满意度如何？最有帮助的功能是什么？,matrix,仅B9使用过3/4/5时询问；B16b仅满意度>5时填写。
B17,10,9,0.9,10,9,"{} -> {""3"":{""loss_kg"":6}}（3人）；{""3"":{""loss_kg"":5}} -> （1人）；{""3"":{""loss_kg"":5}} -> {""3"":{""loss_kg"":6}}（1人）",B GLP-1药物选择与使用情况,使用各GLP-1药物后，体重下降了多少kg？,matrix_numeric,仅S10包含13或A20包含2时询问；只出示B9使用过的药物。
B18,10,9,0.9,8,8," -> {""3"":{""rebounded"":1,""rebound_kg"":2}}（2人）；{""3"":{""rebounded"":1,""rebound_kg"":2}} -> {""3"":{""rebounded"":1,""rebound_kg"":3}}（2人）；{} -> {""3"":{""rebounded"":1,""rebound_kg"":3}}（2人）",B GLP-1药物选择与使用情况,停止使用各GLP-1药物后，是否经历体重反弹？若经历，反弹多少kg？,matrix_numeric,仅B9中有目前已停用药物时询问。
B3,10,9,0.9,10,10,"{""1"":6,""2"":7,""3"":5,""4"":6,""5"":5,""6"":6,""7"":6,""8"":5,""9"":6,""10"":4,""11"":6,""12"":6,""13"":5,""14"":5,""15"":6,""16"":6,""17"":4,""18"":5,""19"":6,""20"":5} -> {""1"":6,""2"":7,""3"":5,""4"":6,""5"":5,""6"":6,""7"":6,""8"":5,""9"":6,""10"":5,""11"":5,""12"":5,""13"":5,""14"":5,""15"":6,""16"":6,""17"":4,""18"":5,""19"":5,""20"":4}（1人）；{""1"":6,""2"":7,""3"":5,""4"":6,""5"":5,""6"":6,""7"":6,""8"":5,""9"":6,""10"":5,""11"":6,""12"":6,""13"":5,""14"":5,""15"":5,""16"":6,""17"":4,""18"":5,""19"":6,""20"":5} -> {""1"":6,""2"":7,""3"":5,""4"":6,""5"":5,""6"":6,""7"":6,""8"":5,""9"":6,""10"":5,""11"":6,""12"":6,""13"":5,""14"":5,""15"":5,""16"":6,""17"":4,""18"":5,""19"":6,""20"":5}（1人）；{""1"":6,""2"":7,""3"":5,""4"":6,""5"":5,""6"":6,""7"":6,""8"":5,""9"":6,""10"":5,""11"":6,""12"":6,""13"":5,""14"":5,""15"":6,""16"":6,""17"":4,""18"":5,""19"":6,""20"":5} -> {""1"":6,""2"":7,""3"":5,""4"":6,""5"":5,""6"":6,""7"":6,""8"":4,""9"":6,""10"":5,""11"":6,""12"":6,""13"":5,""14"":5,""15"":5,""16"":6,""17"":4,""18"":5,""19"":5,""20"":4}（1人）",B GLP-1药物选择与使用情况,选择GLP-1作为减重治疗药物时，以下考虑因素的重要程度分别如何？,matrix_rating_1_7,
B9,10,9,0.9,10,10,"{""1"":{""used"":2,""status"":"""",""start_year_month"":""""},""2"":{""used"":2,""status"":"""",""start_year_month"":""""},""3"":{""used"":1,""status"":1,""start_year_month"":""2024-01""},""4"":{""used"":2,""status"":"""",""start_year_month"":""""},""5"":{""used"":2,""status"":"""",""start_year_month"":""""},""6"":{""used"":2,""status"":"""",""start_year_month"":""""}} -> {""1"":{""used"":2,""status"":"""",""start_year_month"":""""},""2"":{""used"":2,""status"":"""",""start_year_month"":""""},""3"":{""used"":1,""status"":2,""start_year_month"":""2023-03""},""4"":{""used"":2,""status"":"""",""start_year_month"":""""},""5"":{""used"":2,""status"":"""",""start_year_month"":""""},""6"":{""used"":2,""status"":"""",""start_year_month"":""""}}（2人）；{""1"":{""used"":2,""status"":"""",""start_year_month"":""""},""2"":{""used"":2,""status"":"""",""start_year_month"":""""},""3"":{""used"":2,""status"":"""",""start_year_month"":""""},""4"":{""used"":2,""status"":"""",""start_year_month"":""""},""5"":{""used"":2,""status"":"""",""start_year_month"":""""},""6"":{""used"":2,""status"":"""",""start_year_month"":""""}} -> {""1"":{""used"":2,""status"":"""",""start_year_month"":""""},""2"":{""used"":2,""status"":"""",""start_year_month"":""""},""3"":{""used"":1,""status"":2,""start_year_month"":""2023-03""},""4"":{""used"":2,""status"":"""",""start_year_month"":""""},""5"":{""used"":2,""status"":"""",""start_year_month"":""""},""6"":{""used"":2,""status"":"""",""start_year_month"":""""}}（2人）；{""1"":{""used"":2,""status"":"""",""start_year_month"":""""},""2"":{""used"":2,""status"":"""",""start_year_month"":""""},""3"":{""used"":1,""status"":2,""start_year_month"":""2023-03""},""4"":{""used"":2,""status"":"""",""start_year_month"":""""},""5"":{""used"":2,""status"":"""",""start_year_month"":""""},""6"":{""used"":2,""status"":"""",""start_year_month"":""""}} -> {""1"":{""used"":2,""status"":"""",""start_year_month"":""""},""2"":{""used"":2,""status"":"""",""start_year_month"":""""},""3"":{""used"":1,""status"":2,""start_year_month"":""2023-06""},""4"":{""used"":2,""status"":"""",""start_year_month"":""""},""5"":{""used"":2,""status"":"""",""start_year_month"":""""},""6"":{""used"":2,""status"":"""",""start_year_month"":""""}}（1人）",B GLP-1药物选择与使用情况,请勾选既往使用过的GLP-1药物品牌，并填写当前使用状态和启用时间。,matrix,仅S10包含13或A20包含2时询问。
C4_C5,10,9,0.9,10,10,"{""1"":{""readability"":5,""memorability"":5},""2"":{""readability"":4,""memorability"":4},""3"":{""readability"":4,""memorability"":4},""4"":{""readability"":5,""memorability"":5},""5"":{""readability"":3,""memorability"":3},""6"":{""readability"":5,""memorability"":5}} -> {""1"":{""readability"":5,""memorability"":5},""2"":{""readability"":4,""memorability"":4},""3"":{""readability"":4,""memorability"":4},""4"":{""readability"":5,""memorability"":5},""5"":{""readability"":4,""memorability"":4},""6"":{""readability"":5,""memorability"":5}}（1人）；{""1"":{""readability"":5,""memorability"":5},""2"":{""readability"":4,""memorability"":4},""3"":{""readability"":4,""memorability"":4},""4"":{""readability"":5,""memorability"":5},""5"":{""readability"":4,""memorability"":4},""6"":{""readability"":5,""memorability"":5}} -> {""1"":{""readability"":5,""memorability"":5},""2"":{""readability"":4,""memorability"":4},""3"":{""readability"":5,""memorability"":5},""4"":{""readability"":5,""memorability"":4},""5"":{""readability"":4,""memorability"":4},""6"":{""readability"":5,""memorability"":5}}（1人）；{""1"":{""readability"":5,""memorability"":5},""2"":{""readability"":4,""memorability"":4},""3"":{""readability"":5,""memorability"":5},""4"":{""readability"":5,""memorability"":4},""5"":{""readability"":4,""memorability"":4},""6"":{""readability"":5,""memorability"":5}} -> {""1"":{""readability"":5,""memorability"":5},""2"":{""readability"":4,""memorability"":4},""3"":{""readability"":4,""memorability"":4},""4"":{""readability"":5,""memorability"":5},""5"":{""readability"":4,""memorability"":4},""6"":{""readability"":5,""memorability"":5}}（1人）",C 商品名测试,对各GLP-1药物商品名的易读性和好记程度打分。,matrix_rating_1_7,
C6,10,9,0.9,10,10,"{""1"":5,""2"":5,""3"":4,""4"":5,""5"":4,""6"":5} -> {""1"":5,""2"":5,""3"":5,""4"":5,""5"":4,""6"":5}（2人）；{""1"":5,""2"":6,""3"":5,""4"":5,""5"":4,""6"":5} -> {""1"":5,""2"":6,""3"":5,""4"":5,""5"":4,""6"":6}（2人）；{""1"":5,""2"":5,""3"":5,""4"":5,""5"":4,""6"":5} -> {""1"":5,""2"":5,""3"":4,""4"":5,""5"":4,""6"":5}（1人）",C 商品名测试,评价各商品名与'重新定义代谢健康，从而改变患者的生活方式、遇见更好的未来'产品理念的相关程度。,matrix_rating_1_7,
C7,10,9,0.9,10,10,"{""1"":5,""2"":5,""3"":4,""4"":5,""5"":4,""6"":5} -> {""1"":5,""2"":5,""3"":5,""4"":5,""5"":4,""6"":5}（2人）；{""1"":5,""2"":6,""3"":5,""4"":5,""5"":4,""6"":5} -> {""1"":5,""2"":6,""3"":5,""4"":5,""5"":4,""6"":6}（2人）；{""1"":5,""2"":5,""3"":5,""4"":5,""5"":4,""6"":5} -> {""1"":5,""2"":5,""3"":4,""4"":5,""5"":4,""6"":5}（1人）",C 商品名测试,评价各商品名与'助力患者迈上通往健康的道路，自由前行'产品理念的相关程度。,matrix_rating_1_7,
A20,10,8,0.8,10,10,"[1,2,3] -> [2,3]（1人）；[1,2] -> [1,2,3]（1人）；[1,2] -> [2,3]（1人）",A 减重旅程,医生为您处方减重治疗方案中，包含以下哪些治疗方式？,multi,仅A11=1/2或A19=1时询问。
A8,10,8,0.8,10,10,"{""1"":4,""2"":3,""3"":0,""4"":5} -> {""1"":5,""2"":3,""3"":4,""4"":6}（1人）；{""1"":4,""2"":3,""3"":3,""4"":5} -> {""1"":4,""2"":3,""3"":0,""4"":5}（1人）；{""1"":4,""2"":3,""3"":4,""4"":5} -> {""1"":4,""2"":3,""4"":5}（1人）",A 减重旅程,请您对这些非西医减重措施的减重效果满意度进行评价。,matrix_rating_1_7,仅出示S10已选选项所属的大类。
D7,10,8,0.8,10,10,"{""1"":6,""2"":6,""3"":5,""4"":5,""5"":4,""6"":7,""7"":5,""8"":5,""9"":5,""10"":6} -> {""1"":6,""2"":6,""3"":5,""4"":5,""5"":4,""6"":7,""7"":5,""8"":6,""9"":5,""10"":6}（1人）；{""1"":6,""2"":6,""3"":5,""4"":5,""5"":4,""6"":7,""7"":5,""8"":5,""9"":5,""10"":6} -> {""1"":7,""2"":7,""3"":5,""4"":5,""5"":4,""6"":7,""7"":6,""8"":6,""9"":5,""10"":6}（1人）；{""1"":6,""2"":6,""3"":5,""4"":5,""5"":4,""6"":7,""7"":5,""8"":5,""9"":6,""10"":6} -> {""1"":7,""2"":7,""3"":6,""4"":6,""5"":4,""6"":7,""7"":5,""8"":5,""9"":7,""10"":6}（1人）",D 受访者基本情况,请对以下健康理念和身体状态表述的认同度打分。,matrix_rating_1_7,
S10,10,8,0.8,10,10,"[2,3,4,5,9] -> [2,3,4,9,13]（1人）；[2,3,4,5,9] -> [2,4,9,12,13]（1人）；[2,3,4,9,10,12,13] -> [2,4,9,11]（1人）",甄别问卷,请问您既往经历过以下哪些减重方式？,multi,
A10,10,7,0.7,10,10,"[3,4,5] -> [3,4,5]（2人）；[3,4,5] -> []（2人）；[2,4,7] -> [4,5,7]（1人）",A 减重旅程,请问您未曾前往医院寻求减重方案的原因有哪些？,multi,仅A9不包含1时询问。
A4a,10,7,0.7,10,10,"{""1"":1,""4"":2,""2"":3} -> {""1"":1,""4"":2,""2"":3}（2人）；{""1"":1,""4"":2,""2"":3} -> {""1"":1,""4"":2,""3"":3}（2人）；{""1"":1,""2"":2,""4"":3} -> {""1"":1,""4"":2,""2"":3}（1人）",A 减重旅程,在A4勾选的减重目标中，选出最重要的3项并排序。,rank,仅对A4已选项排序。
B24b,10,7,0.7,8,10," -> [1,5]（2人）；[] -> []（2人）；[1,5] -> []（2人）",B GLP-1停药患者序贯意愿测试,更希望接受B24a所选GLP-1作为后续减重治疗方案的原因有哪些？,multi,仅B24a=1/2/3/4时询问。
A22,10,6,0.6,7,6," -> （2人）；{} -> {""loss_kg"":"""",""rebounded"":"""",""rebound_kg"":""""}（2人）；{""loss_kg"":"""",""rebounded"":"""",""rebound_kg"":""""} -> （1人）",A 减重旅程,接受减重手术治疗后体重下降多少kg？是否经历体重反弹，若反弹则反弹多少kg？,numeric_group,仅A20包含4时询问。
B14d,10,6,0.6,10,9,"{""A"":{""missed_injections"":1}} -> {""A"":{""missed_injections"":1}}（3人）；{} -> {""A"":{""missed_injections"":1}}（2人）；{""A"":{""missed_injections"":1}} -> （1人）",B GLP-1药物选择与使用情况,估算各GLP-1使用经历中累计经历过几次漏打针。,matrix_numeric,仅B9使用过3/4/5/6时询问；只出示已使用药物。
B15,10,6,0.6,10,9,"{""A"":{""interrupted"":1,""times"":1,""avg_interrupt_months"":1}} -> {""A"":{""interrupted"":1,""times"":1,""avg_interrupt_months"":1}}（2人）；{} -> {""A"":{""interrupted"":1,""times"":1,""avg_interrupt_months"":1}}（2人）；{""A"":{""interrupted"":2,""times"":"""",""avg_interrupt_months"":""""}} -> （1人）",B GLP-1药物选择与使用情况,GLP-1使用过程中，是否有中断一段时间再续用该药物的情况？次数和平均中断时长？,matrix_numeric,仅B9使用过3/4/5/6时询问；只出示已使用药物。
B15a,10,6,0.6,7,8,"{""A"":4} -> {""A"":4}（2人）；{} -> {""A"":4}（2人）； -> {""A"":4}（1人）",B GLP-1药物选择与使用情况,使用该药物期间，中断再续用的原因是什么？,matrix_single,仅B15中有中断再续用的药物时询问。
B2,10,6,0.6,7,10,"[] -> []（4人）； -> []（3人）；[1,3,5,7,8] -> []（1人）",B GLP-1药物选择与使用情况,知晓GLP-1可用于减重但未曾尝试的原因是什么？,multi,仅B1=1时询问。
B24,10,6,0.6,4,6, -> 1（4人）； -> （2人）；1 -> （2人）,B GLP-1停药患者序贯意愿测试,是否可以接受再次使用其他品牌GLP-1作为减重治疗方案？,single,仅B9所有使用过药物状态均为目前已停用时询问。
B24a,10,6,0.6,4,6, -> 2（4人）； -> （2人）；2 -> （2人）,B GLP-1停药患者序贯意愿测试,希望接受以下哪个未使用过的GLP-1作为减重治疗方案？,single,仅B24=1时询问；只出示B9未使用过的药物。
A21,10,5,0.5,7,8,1 -> 1（5人）； -> 1（3人）；1 -> （2人）,A 减重旅程,在和医生协商确定减重治疗方案时，GLP-1药物选择的决策权如何？,single,仅A20包含2时询问。
A23a,10,5,0.5,10,10,"{""months_per_visit"":3} -> {""months_per_visit"":3}（5人）；{""months_per_visit"":6} -> {""months_per_visit"":3}（2人）；{""months_per_visit"":3} -> {""months_per_visit"":6}（1人）",A 减重旅程,请问您复诊或随访的频率如何？,numeric,仅A23=1时询问。
A4,10,5,0.5,10,10,"[1,2,3,4,6,8] -> [1,2,3,4,6,8]（2人）；[1,2,4,6,7,8] -> [1,2,4,6,7,8]（2人）；[1,2,3,4,6,8] -> [1,2,3,4,5,6]（1人）",A 减重旅程,请问您的减重目标有哪些？,multi,
B12,10,5,0.5,10,9,"{""A"":{""all_factors"":[1,4,5],""most_important"":1}} -> {""A"":{""all_factors"":[1,4,5],""most_important"":1}}（5人）；{""A"":{""all_factors"":[1,4,5],""most_important"":1}} -> （1人）；{""A"":{""all_factors"":[1,4,5],""most_important"":1}} -> {}（1人）",B GLP-1药物选择与使用情况,选择司美格鲁肽/替尔泊肽/玛仕度肽/埃诺格鲁肽时，哪些是最终决策的重要影响因素？最重要因素是什么？,matrix_multi_plus_single,仅B9使用过3/4/5/6时询问；只出示已使用药物。
B20,10,5,0.5,10,9,"{""A"":1} -> {""A"":1}（5人）；{} -> {""A"":1}（2人）；{""A"":1} -> （1人）",B GLP-1药物购买渠道,初次购买各GLP-1药物的渠道分别是什么？,matrix_single,仅B9使用过3/4/5/6时询问；只出示已使用药物。
B20a,10,5,0.5,8,8,{} -> {}（5人）； -> {}（2人）；{} -> （2人）,B GLP-1药物购买渠道,初次通过电商购买GLP-1时，电商平台分别是什么？,matrix_single,仅出示B20=2（电商）的药物。
B21,10,5,0.5,8,8,{} -> {}（5人）； -> {}（2人）；{} -> （2人）,B GLP-1药物购买渠道,在电商平台初次购买GLP-1前，对自身健康情况做了哪些评估？,matrix_multi,仅出示B20=2（电商）的药物。
B22,10,5,0.5,8,8,{} -> {}（5人）； -> {}（2人）；{} -> （2人）,B GLP-1药物购买渠道,在电商平台初次购买GLP-1时，处方由谁开具？,matrix_single,仅出示B20=2（电商）的药物。
B23,10,5,0.5,10,9,"{""A"":[1]} -> {""A"":[1]}（4人）；{} -> {""A"":[1]}（2人）；{""A"":[1]} -> （1人）",B GLP-1药物购买渠道,后续续药各GLP-1药物的渠道有哪些？,matrix_multi,仅B9使用过3/4/5/6时询问；只出示已使用药物。
B23a,10,5,0.5,9,8,{} -> {}（5人）；{} -> （2人）； -> {}（1人）,B GLP-1药物购买渠道,后续通过电商续药GLP-1时，电商平台有哪些？,matrix_multi,仅出示B23包含2（电商）的药物。
A3a,10,4,0.4,10,10,"{""6"":1,""1"":2,""4"":3} -> {""1"":1,""6"":2,""4"":3}（2人）；{""4"":1,""6"":2,""7"":3} -> {""4"":1,""6"":2,""7"":3}（2人）；{""2"":1,""6"":2,""4"":3} -> {""2"":1,""6"":2,""4"":3}（2人）",A 减重旅程,在A3勾选的驱动因素中，选出最重要的3项并排序。,rank,仅对A3已选项排序。
B1,10,4,0.4,3,1, -> （6人）；1 -> （2人）； -> 1（1人）,B GLP-1药物选择与使用情况,请问您是否知晓GLP-1药物可用于超重或肥胖症的减重治疗？,single,仅S10不含13且A20不含2，即未使用过GLP-1用于减重时询问。
B2a,10,4,0.4,3,1, -> （6人）；6 -> （2人）； -> 6（1人）,B GLP-1药物选择与使用情况,您对未来尝试使用GLP-1药物用于减重的意愿如何？0分不会，10分一定会。,rating_0_10,
B8,10,4,0.4,6,7,[] -> []（4人）； -> （2人）； -> []（2人）,B GLP-1药物选择与使用情况,未曾因为体重问题到院就诊时，驱动您开启GLP-1药物治疗的主要因素有哪些？,multi,仅S10包含13且A9不包含1时询问。
D3,10,4,0.4,10,10,"[1] -> [1]（3人）；[2] -> [2]（2人）；[2,4] -> [2]（2人）",D 受访者基本情况,请选择与您的工作性质最相符的描述。,multi,
D9,10,4,0.4,10,10,3 -> 3（4人）；3 -> 2（3人）；1 -> 1（1人）,D 受访者基本情况,想象一个理想的微信支持工具，以下哪种功能对您最有吸引力？,single,仅D8-4>5时询问。
A14_A15,10,3,0.3,5,4, -> （4人）；{} -> {}（2人）；{} -> （2人）,A 减重旅程,最初前往哪个科室寻求减重治疗方案？最终实际在哪个科室接受减重治疗？,dual_single,仅A11=2时询问。
A18,10,3,0.3,10,10,"{""3"":{""visited"":1,""department"":5,""doctor_suggested_weight_management"":1}} -> {""3"":{""visited"":1,""department"":5,""doctor_suggested_weight_management"":1}}（2人）；{} -> {}（2人）；{""1"":{""visited"":1,""department"":6,""doctor_suggested_weight_management"":1}} -> {""1"":{""visited"":1,""department"":6,""doctor_suggested_weight_management"":1}}（1人）",A 减重旅程,曾因为哪些肥胖相关合并症/指标异常到院就诊？前往哪个科室？医生是否建议体重管理？,matrix,仅A9包含2时询问；只出示S8已选合并症/指标异常。
C2,10,3,0.3,10,10,7 -> 7（7人）；7 -> 6（2人）；5 -> 6（1人）,C 新产品测试,阅读产品信息后，在不考虑价格的情况下，您对产品X的使用意愿如何？,rating_0_10,
A1,10,2,0.2,10,10,"{""years"":5,""months"":0,""total_months"":60} -> {""years"":5,""months"":0,""total_months"":60}（5人）；{""years"":4,""months"":0,""total_months"":48} -> {""years"":4,""months"":0,""total_months"":48}（2人）；{""years"":10,""months"":0,""total_months"":120} -> {""years"":10,""months"":0,""total_months"":120}（1人）",A 减重旅程,请问您尝试减重总计多长时间了（从初次采取减重措施至今时长）？,numeric_group,
A11,10,2,0.2,1,1, -> （8人）； -> 1（1人）；3 -> （1人）,A 减重旅程,为了寻求减重治疗方案到院就诊时，最初前往和实际接受减重治疗是否在同一科室？,single,仅A9包含1时询问。
A19,10,2,0.2,8,7,1 -> 1（6人）； -> （2人）；1 -> （1人）,A 减重旅程,您为肥胖相关合并症/指标异常就诊时，是否接受过减重药物治疗？,single,仅A9包含2且A9不包含1时询问。
A19a,10,2,0.2,7,7,3 -> 3（3人）； -> （2人）；11 -> 11（2人）,A 减重旅程,您是在为哪个肥胖相关合并症/指标异常就诊时接受减重药物治疗的？,single,仅A19=1时询问；只出示A18中医生建议体重管理的选项。
A23,10,2,0.2,10,10,1 -> 1（8人）；1 -> 2（1人）；2 -> 1（1人）,A 减重旅程,请问您在接受减重治疗后，是否定期到院复诊或随访？,single,
A9,10,2,0.2,10,10,"[2] -> [2]（7人）；[1] -> [3]（1人）；[2] -> [1,2]（1人）",A 减重旅程,请问您是否因为肥胖或肥胖相关合并症到医院就诊过？,multi,
B11,10,2,0.2,7,7,{} -> {}（6人）； -> （2人）； -> {}（1人）,B GLP-1药物选择与使用情况,使用过至少两种GLP-1时，驱动更换药物决策的因素有哪些？,matrix_multi,仅B9使用过至少两种GLP-1时询问。
D8,10,2,0.2,10,10,"{""1"":6,""2"":6,""3"":6,""4"":6} -> {""1"":6,""2"":6,""3"":6,""4"":6}（8人）；{""1"":5,""2"":6,""3"":6,""4"":6} -> {""1"":6,""2"":6,""3"":6,""4"":6}（1人）；{""1"":6,""2"":6,""3"":6,""4"":6} -> {""1"":5,""2"":6,""3"":6,""4"":6}（1人）",D 受访者基本情况,请对以下减重理念的认同度打分。,matrix_rating_1_7,
S6,10,2,0.2,10,10,"{""height_cm"":155,""weight_kg"":80,""waist_cm"":100} -> {""height_cm"":155,""weight_kg"":80,""waist_cm"":100}（1人）；{""height_cm"":158,""weight_kg"":70,""waist_cm"":88} -> {""height_cm"":158,""weight_kg"":70,""waist_cm"":90}（1人）；{""height_cm"":163,""weight_kg"":70,""waist_cm"":92} -> {""height_cm"":163,""weight_kg"":70,""waist_cm"":92}（1人）",甄别问卷,请问您的身高为多少厘米？当前体重为多少公斤？腰围为多少厘米？,numeric_group,
A12,10,1,0.1,0,1, -> （9人）； -> 1（1人）,A 减重旅程,请问您在哪个科室首诊并接受了减重治疗？,single,仅A11=1时询问。
A13,10,1,0.1,0,1, -> （9人）； -> 1（1人）,A 减重旅程,您最初前往A12所选科室寻求减重治疗方案，最主要的原因是什么？,single,仅A11=1时询问。
A3,10,1,0.1,10,10,"[1,4,6] -> [1,4,6]（3人）；[2,4,6] -> [2,4,6]（2人）；[4,6,7] -> [4,6,7]（2人）",A 减重旅程,在您的减重经历中，您决心开始采取减重措施的驱动因素有哪些？,multi,
A5a,10,1,0.1,10,10,6 -> 6（6人）；12 -> 12（3人）；6 -> 12（1人）,A 减重旅程,请问您希望达到目标体重的时长为多少个月？,numeric,
D5,10,1,0.1,8,8,3 -> 3（4人）；2 -> 2（3人）； -> （2人）,D 受访者基本情况,请问您是否有子女？共有几个子女？,single,仅D4=2/3/4时询问。
D6,10,1,0.1,10,10,3 -> 3（6人）；4 -> 4（2人）；3 -> 1（1人）,D 受访者基本情况,日常生活中，您主要需要照顾哪些家庭成员？,single,
S8,10,1,0.1,10,10,[11] -> [11]（2人）；[3] -> [3]（2人）；[99] -> [99]（2人）,甄别问卷,请问您有以下哪些合并症/基础病或指标异常的情况？,multi,
X1,10,1,0.1,10,10,"{""all_drivers"":[1,2,3,4],""most_important"":3} -> {""all_drivers"":[1,2,3,4],""most_important"":3}（9人）；{""all_drivers"":[1,2,3,4],""most_important"":3} -> {""all_drivers"":[1,3,4],""most_important"":3}（1人）",B GLP-1药物选择与使用情况,哪些GLP-1用药体验优化可以驱动您坚持使用GLP-1？最重要因素是什么？,multi_plus_single,
A16,10,0,0.0,0,0, -> （10人）,A 减重旅程,您最初前往A14所选科室寻求减重治疗方案，最主要的原因是什么？,single,仅A11=2时询问。
A17,10,0,0.0,0,0, -> （10人）,A 减重旅程,从A14首诊科室更换到A15治疗科室寻求减重治疗方案，最主要的原因是什么？,single,仅A11=2时询问。
A2,10,0,0.0,10,10,2 -> 2（10人）,A 减重旅程,以下哪个选项最能描述您对于体重问题的看法？,single,
A5,10,0,0.0,10,10,65 -> 65（4人）；60 -> 60（1人）；68 -> 68（1人）,A 减重旅程,请问您的目标体重是多少kg？,numeric,
B4_B5,10,0,0.0,10,10,"{""B4_fast_onset"":{""weeks"":4,""weight_loss_pct"":3},""B5_good_effect"":{""months"":6,""weight_loss_pct"":10}} -> {""B4_fast_onset"":{""weeks"":4,""weight_loss_pct"":3},""B5_good_effect"":{""months"":6,""weight_loss_pct"":10}}（10人）",B GLP-1药物选择与使用情况,对您而言，GLP-1达到'起效速度快'和'减重效果好'的判断标准是什么？,numeric_group,B4仅B3-1>=5；B5仅B3-2>=5。
B6,10,0,0.0,10,10,1 -> 1（10人）,B GLP-1药物选择与使用情况,关于GLP-1药物调整剂量的挡位数量，哪一项与您的理念最相符？,single,仅B3-14>=5时询问。
B7,10,0,0.0,10,10,2 -> 2（10人）,B GLP-1药物选择与使用情况,关于GLP-1药物起始剂量，哪一项与您的理念最相符？,single,
C3,10,0,0.0,10,10,"{""all_reasons"":[2,3,4],""top3_rank"":{""2"":1,""3"":2,""4"":3}} -> {""all_reasons"":[2,3,4],""top3_rank"":{""2"":1,""3"":2,""4"":3}}（9人）；{""all_reasons"":[2,3,4,6],""top3_rank"":{""6"":1,""2"":2,""3"":3}} -> {""all_reasons"":[2,3,4,6],""top3_rank"":{""6"":1,""2"":2,""3"":3}}（1人）",C 新产品测试,若对产品X使用意愿不足8分，哪些因素导致犹豫？并选出最主要的三个原因排序。,multi_plus_rank,仅C2<8时询问。
CONSENT,10,0,0.0,10,10,1 -> 1（10人）,知情同意,是否同意研究收集并按项目需要使用您的个人信息；涉及药品不良事件时，相关患者信息可能披露给客户公司药品不良反应监管部门并依法上报。,single,
D1,10,0,0.0,10,10,1 -> 1（10人）,D 受访者基本情况,下列哪项最能描述您本人现在的工作状态？,single,
D2,10,0,0.0,10,10,1 -> 1（6人）；11 -> 11（2人）；4 -> 4（2人）,D 受访者基本情况,请问您本人目前的职业是什么？兼职被访者请选择当前最主要工作。,single,仅D1=1/2时询问。
D4,10,0,0.0,10,10,2 -> 2（8人）；1 -> 1（2人）,D 受访者基本情况,请问您的婚姻状况如何？,single,
S1,10,0,0.0,10,10,5 -> 5（10人）,甄别问卷,您和同住的家人有没有在以下行业工作的？,single,
S11,10,0,0.0,10,10,1 -> 1（10人）,甄别问卷,请问当您的身体出现异常时，您是否会积极就医，以维持健康的状态？,single,
S2,10,0,0.0,10,10,3 -> 3（7人）；2 -> 2（2人）；1 -> 1（1人）,甄别问卷,请问您所在的城市线级是？,single,
S3,10,0,0.0,10,10,1 -> 1（7人）；2 -> 2（3人）,甄别问卷,请问您的性别是？,single,
S4,10,0,0.0,10,10,"{""age"":32,""segment"":2} -> {""age"":32,""segment"":2}（2人）；{""age"":55,""segment"":2} -> {""age"":55,""segment"":2}（2人）；{""age"":45,""segment"":2} -> {""age"":45,""segment"":2}（1人）",甄别问卷,请问您的年龄是多少周岁？并按规则归入年龄段。,numeric_with_auto_category,
S5,10,0,0.0,10,10,1 -> 1（6人）；2 -> 2（4人）,甄别问卷,请问您的学历是？,single,
S5A,10,0,0.0,10,10,3 -> 3（5人）；2 -> 2（4人）；1 -> 1（1人）,甄别问卷,请问您家庭年收入为多少？请将所有家庭成员的收入都计算在内。,single,
S7,10,0,0.0,10,10,"{""bmi"":24.22,""category"":2} -> {""bmi"":24.22,""category"":2}（1人）；{""bmi"":24.51,""category"":2} -> {""bmi"":24.51,""category"":2}（1人）；{""bmi"":24.84,""category"":2} -> {""bmi"":24.84,""category"":2}（1人）",甄别问卷,根据S6自动计算当前BMI，并归入BMI分类。,computed_single,
S9,10,0,0.0,1,1, -> （9人）；5 -> 5（1人）,甄别问卷,请问您目前代谢相关脂肪性肝病的分型是什么？,single,仅S8=1时询问。
