题目ID,pid,样本编号,年龄,性别,省份,城乡属性,学历,BMI,BMI配额段,目标人群细分,合并症类别汇总,无背景答案,有背景答案,无背景persona摘要,有背景persona摘要,问卷部分,题目文本,题型,显示逻辑
A1,211769103,150,32,男,黑龙江省,城镇,大学本科,27.13,超重_24<BMI≤28,超重且有可识别合并症,肝病或MASH线索,"{""years"":3,""months"":0,""total_months"":36}","{""years"":4,""months"":0,""total_months"":48}",,,A 减重旅程,请问您尝试减重总计多长时间了（从初次采取减重措施至今时长）？,numeric_group,
A1,450250102,151,52,男,广西壮族自治区,城镇,高中/中专/技校/职高,26.35,超重_24<BMI≤28,超重且有可识别合并症,关节运动系统,"{""years"":5,""months"":0,""total_months"":60}","{""years"":3,""months"":0,""total_months"":36}",,,A 减重旅程,请问您尝试减重总计多长时间了（从初次采取减重措施至今时长）？,numeric_group,
A10,411879101,120,55,男,河南省,城镇,大学本科,24.22,超重_24<BMI≤28,超重且有可识别合并症,高血压,"[3,4]",[],,,A 减重旅程,请问您未曾前往医院寻求减重方案的原因有哪些？,multi,仅A9不包含1时询问。
A10,450250102,151,52,男,广西壮族自治区,城镇,高中/中专/技校/职高,26.35,超重_24<BMI≤28,超重且有可识别合并症,关节运动系统,"[3,4,5]","[3,4,7]",,,A 减重旅程,请问您未曾前往医院寻求减重方案的原因有哪些？,multi,仅A9不包含1时询问。
A10,411875101,187,47,男,河南省,城镇,大学本科,26.73,超重_24<BMI≤28,超重且有可识别合并症,高血压,"[3,4,5]",[],,,A 减重旅程,请问您未曾前往医院寻求减重方案的原因有哪些？,multi,仅A9不包含1时询问。
A10,411313102,207,55,男,河南省,城镇,高中/中专/技校/职高,28.55,肥胖_BMI>28,肥胖且合并糖尿病,糖尿病,"[3,4,5]",[],,,A 减重旅程,请问您未曾前往医院寻求减重方案的原因有哪些？,multi,仅A9不包含1时询问。
A10,220322103,47,32,女,吉林省,城镇,大学本科,28.04,肥胖_BMI>28,肥胖未识别糖尿病,关节运动系统,[],"[3,4,5,7]",,,A 减重旅程,请问您未曾前往医院寻求减重方案的原因有哪些？,multi,仅A9不包含1时询问。
A10,411244104,51,49,女,河南省,城镇,高中/中专/技校/职高,30.85,肥胖_BMI>28,肥胖未识别糖尿病,无可识别研究相关合并症,[],"[2,4,5,7]",,,A 减重旅程,请问您未曾前往医院寻求减重方案的原因有哪些？,multi,仅A9不包含1时询问。
A10,310855102,86,61,女,上海市,城镇,高中/中专/技校/职高,33.3,肥胖_BMI>28,肥胖未识别糖尿病,无可识别研究相关合并症,"[2,4,7]","[4,5,7]",,,A 减重旅程,请问您未曾前往医院寻求减重方案的原因有哪些？,multi,仅A9不包含1时询问。
A11,411313102,207,55,男,河南省,城镇,高中/中专/技校/职高,28.55,肥胖_BMI>28,肥胖且合并糖尿病,糖尿病,,1,,,A 减重旅程,为了寻求减重治疗方案到院就诊时，最初前往和实际接受减重治疗是否在同一科室？,single,仅A9包含1时询问。
A11,411244104,51,49,女,河南省,城镇,高中/中专/技校/职高,30.85,肥胖_BMI>28,肥胖未识别糖尿病,无可识别研究相关合并症,3,,,,A 减重旅程,为了寻求减重治疗方案到院就诊时，最初前往和实际接受减重治疗是否在同一科室？,single,仅A9包含1时询问。
A12,411313102,207,55,男,河南省,城镇,高中/中专/技校/职高,28.55,肥胖_BMI>28,肥胖且合并糖尿病,糖尿病,,1,,,A 减重旅程,请问您在哪个科室首诊并接受了减重治疗？,single,仅A11=1时询问。
A13,411313102,207,55,男,河南省,城镇,高中/中专/技校/职高,28.55,肥胖_BMI>28,肥胖且合并糖尿病,糖尿病,,1,,,A 减重旅程,您最初前往A12所选科室寻求减重治疗方案，最主要的原因是什么？,single,仅A11=1时询问。
A14_A15,673100701,138,34,男,山东省,城镇,大学本科,24.84,超重_24<BMI≤28,超重且有可识别合并症,关节运动系统,{},,,,A 减重旅程,最初前往哪个科室寻求减重治疗方案？最终实际在哪个科室接受减重治疗？,dual_single,仅A11=2时询问。
A14_A15,450250102,151,52,男,广西壮族自治区,城镇,高中/中专/技校/职高,26.35,超重_24<BMI≤28,超重且有可识别合并症,关节运动系统,,{},,,A 减重旅程,最初前往哪个科室寻求减重治疗方案？最终实际在哪个科室接受减重治疗？,dual_single,仅A11=2时询问。
A14_A15,411875101,187,47,男,河南省,城镇,大学本科,26.73,超重_24<BMI≤28,超重且有可识别合并症,高血压,{},,,,A 减重旅程,最初前往哪个科室寻求减重治疗方案？最终实际在哪个科室接受减重治疗？,dual_single,仅A11=2时询问。
A18,673100701,138,34,男,山东省,城镇,大学本科,24.84,超重_24<BMI≤28,超重且有可识别合并症,关节运动系统,"{""11"":{""visited"":1,""department"":8,""doctor_suggested_weight_management"":1},""97"":{""visited"":1,""department"":8,""doctor_suggested_weight_management"":1}}","{""11"":{""visited"":1,""department"":8,""doctor_suggested_weight_management"":1}}",,,A 减重旅程,曾因为哪些肥胖相关合并症/指标异常到院就诊？前往哪个科室？医生是否建议体重管理？,matrix,仅A9包含2时询问；只出示S8已选合并症/指标异常。
A18,450250102,151,52,男,广西壮族自治区,城镇,高中/中专/技校/职高,26.35,超重_24<BMI≤28,超重且有可识别合并症,关节运动系统,"{""11"":{""visited"":1,""department"":3,""doctor_suggested_weight_management"":1}}","{""11"":{""visited"":1,""department"":8,""doctor_suggested_weight_management"":1}}",,,A 减重旅程,曾因为哪些肥胖相关合并症/指标异常到院就诊？前往哪个科室？医生是否建议体重管理？,matrix,仅A9包含2时询问；只出示S8已选合并症/指标异常。
A18,220322103,47,32,女,吉林省,城镇,大学本科,28.04,肥胖_BMI>28,肥胖未识别糖尿病,关节运动系统,"{""11"":{""visited"":1,""department"":8,""doctor_suggested_weight_management"":1}}","{""11"":{""visited"":1,""department"":1,""doctor_suggested_weight_management"":1}}",,,A 减重旅程,曾因为哪些肥胖相关合并症/指标异常到院就诊？前往哪个科室？医生是否建议体重管理？,matrix,仅A9包含2时询问；只出示S8已选合并症/指标异常。
A19,411313102,207,55,男,河南省,城镇,高中/中专/技校/职高,28.55,肥胖_BMI>28,肥胖且合并糖尿病,糖尿病,1,,,,A 减重旅程,您为肥胖相关合并症/指标异常就诊时，是否接受过减重药物治疗？,single,仅A9包含2且A9不包含1时询问。
A19,220322103,47,32,女,吉林省,城镇,大学本科,28.04,肥胖_BMI>28,肥胖未识别糖尿病,关节运动系统,2,1,,,A 减重旅程,您为肥胖相关合并症/指标异常就诊时，是否接受过减重药物治疗？,single,仅A9包含2且A9不包含1时询问。
A19a,411313102,207,55,男,河南省,城镇,高中/中专/技校/职高,28.55,肥胖_BMI>28,肥胖且合并糖尿病,糖尿病,2,,,,A 减重旅程,您是在为哪个肥胖相关合并症/指标异常就诊时接受减重药物治疗的？,single,仅A19=1时询问；只出示A18中医生建议体重管理的选项。
A19a,220322103,47,32,女,吉林省,城镇,大学本科,28.04,肥胖_BMI>28,肥胖未识别糖尿病,关节运动系统,,11,,,A 减重旅程,您是在为哪个肥胖相关合并症/指标异常就诊时接受减重药物治疗的？,single,仅A19=1时询问；只出示A18中医生建议体重管理的选项。
A20,411879101,120,55,男,河南省,城镇,大学本科,24.22,超重_24<BMI≤28,超重且有可识别合并症,高血压,"[1,2]",[3],,,A 减重旅程,医生为您处方减重治疗方案中，包含以下哪些治疗方式？,multi,仅A11=1/2或A19=1时询问。
A20,420493101,123,45,男,湖北省,城镇,大学本科,24.51,超重_24<BMI≤28,超重且有可识别合并症,高血压；心脑血管,"[1,2,3]","[2,3]",,,A 减重旅程,医生为您处方减重治疗方案中，包含以下哪些治疗方式？,multi,仅A11=1/2或A19=1时询问。
A20,673100701,138,34,男,山东省,城镇,大学本科,24.84,超重_24<BMI≤28,超重且有可识别合并症,关节运动系统,[1],[2],,,A 减重旅程,医生为您处方减重治疗方案中，包含以下哪些治疗方式？,multi,仅A11=1/2或A19=1时询问。
A20,211769103,150,32,男,黑龙江省,城镇,大学本科,27.13,超重_24<BMI≤28,超重且有可识别合并症,肝病或MASH线索,"[1,2]","[2,3]",,,A 减重旅程,医生为您处方减重治疗方案中，包含以下哪些治疗方式？,multi,仅A11=1/2或A19=1时询问。
A20,411875101,187,47,男,河南省,城镇,大学本科,26.73,超重_24<BMI≤28,超重且有可识别合并症,高血压,"[1,2]","[1,2,3]",,,A 减重旅程,医生为您处方减重治疗方案中，包含以下哪些治疗方式？,multi,仅A11=1/2或A19=1时询问。
A20,220322103,47,32,女,吉林省,城镇,大学本科,28.04,肥胖_BMI>28,肥胖未识别糖尿病,关节运动系统,[],[2],,,A 减重旅程,医生为您处方减重治疗方案中，包含以下哪些治疗方式？,multi,仅A11=1/2或A19=1时询问。
A20,411244104,51,49,女,河南省,城镇,高中/中专/技校/职高,30.85,肥胖_BMI>28,肥胖未识别糖尿病,无可识别研究相关合并症,"[1,2]",[],,,A 减重旅程,医生为您处方减重治疗方案中，包含以下哪些治疗方式？,multi,仅A11=1/2或A19=1时询问。
A20,310855102,86,61,女,上海市,城镇,高中/中专/技校/职高,33.3,肥胖_BMI>28,肥胖未识别糖尿病,无可识别研究相关合并症,[],"[1,2]",,,A 减重旅程,医生为您处方减重治疗方案中，包含以下哪些治疗方式？,multi,仅A11=1/2或A19=1时询问。
A21,411879101,120,55,男,河南省,城镇,大学本科,24.22,超重_24<BMI≤28,超重且有可识别合并症,高血压,1,,,,A 减重旅程,在和医生协商确定减重治疗方案时，GLP-1药物选择的决策权如何？,single,仅A20包含2时询问。
A21,673100701,138,34,男,山东省,城镇,大学本科,24.84,超重_24<BMI≤28,超重且有可识别合并症,关节运动系统,,1,,,A 减重旅程,在和医生协商确定减重治疗方案时，GLP-1药物选择的决策权如何？,single,仅A20包含2时询问。
A21,220322103,47,32,女,吉林省,城镇,大学本科,28.04,肥胖_BMI>28,肥胖未识别糖尿病,关节运动系统,,1,,,A 减重旅程,在和医生协商确定减重治疗方案时，GLP-1药物选择的决策权如何？,single,仅A20包含2时询问。
A21,411244104,51,49,女,河南省,城镇,高中/中专/技校/职高,30.85,肥胖_BMI>28,肥胖未识别糖尿病,无可识别研究相关合并症,1,,,,A 减重旅程,在和医生协商确定减重治疗方案时，GLP-1药物选择的决策权如何？,single,仅A20包含2时询问。
A21,310855102,86,61,女,上海市,城镇,高中/中专/技校/职高,33.3,肥胖_BMI>28,肥胖未识别糖尿病,无可识别研究相关合并症,,1,,,A 减重旅程,在和医生协商确定减重治疗方案时，GLP-1药物选择的决策权如何？,single,仅A20包含2时询问。
A22,420493101,123,45,男,湖北省,城镇,大学本科,24.51,超重_24<BMI≤28,超重且有可识别合并症,高血压；心脑血管,"{""loss_kg"":"""",""rebounded"":"""",""rebound_kg"":""""}",,,,A 减重旅程,接受减重手术治疗后体重下降多少kg？是否经历体重反弹，若反弹则反弹多少kg？,numeric_group,仅A20包含4时询问。
A22,673100701,138,34,男,山东省,城镇,大学本科,24.84,超重_24<BMI≤28,超重且有可识别合并症,关节运动系统,{},,,,A 减重旅程,接受减重手术治疗后体重下降多少kg？是否经历体重反弹，若反弹则反弹多少kg？,numeric_group,仅A20包含4时询问。
A22,211769103,150,32,男,黑龙江省,城镇,大学本科,27.13,超重_24<BMI≤28,超重且有可识别合并症,肝病或MASH线索,"{""loss_kg"":"""",""rebounded"":"""",""rebound_kg"":""""}","{""loss_kg"":0,""rebounded"":2,""rebound_kg"":""""}",,,A 减重旅程,接受减重手术治疗后体重下降多少kg？是否经历体重反弹，若反弹则反弹多少kg？,numeric_group,仅A20包含4时询问。
A22,450250102,151,52,男,广西壮族自治区,城镇,高中/中专/技校/职高,26.35,超重_24<BMI≤28,超重且有可识别合并症,关节运动系统,,"{""loss_kg"":"""",""rebounded"":"""",""rebound_kg"":""""}",,,A 减重旅程,接受减重手术治疗后体重下降多少kg？是否经历体重反弹，若反弹则反弹多少kg？,numeric_group,仅A20包含4时询问。
A22,411875101,187,47,男,河南省,城镇,大学本科,26.73,超重_24<BMI≤28,超重且有可识别合并症,高血压,{},"{""loss_kg"":"""",""rebounded"":"""",""rebound_kg"":""""}",,,A 减重旅程,接受减重手术治疗后体重下降多少kg？是否经历体重反弹，若反弹则反弹多少kg？,numeric_group,仅A20包含4时询问。
A22,310855102,86,61,女,上海市,城镇,高中/中专/技校/职高,33.3,肥胖_BMI>28,肥胖未识别糖尿病,无可识别研究相关合并症,{},"{""loss_kg"":"""",""rebounded"":"""",""rebound_kg"":""""}",,,A 减重旅程,接受减重手术治疗后体重下降多少kg？是否经历体重反弹，若反弹则反弹多少kg？,numeric_group,仅A20包含4时询问。
A23,411244104,51,49,女,河南省,城镇,高中/中专/技校/职高,30.85,肥胖_BMI>28,肥胖未识别糖尿病,无可识别研究相关合并症,1,2,,,A 减重旅程,请问您在接受减重治疗后，是否定期到院复诊或随访？,single,
A23,310855102,86,61,女,上海市,城镇,高中/中专/技校/职高,33.3,肥胖_BMI>28,肥胖未识别糖尿病,无可识别研究相关合并症,2,1,,,A 减重旅程,请问您在接受减重治疗后，是否定期到院复诊或随访？,single,
A23a,411879101,120,55,男,河南省,城镇,大学本科,24.22,超重_24<BMI≤28,超重且有可识别合并症,高血压,"{""months_per_visit"":3}","{""months_per_visit"":6}",,,A 减重旅程,请问您复诊或随访的频率如何？,numeric,仅A23=1时询问。
A23a,673100701,138,34,男,山东省,城镇,大学本科,24.84,超重_24<BMI≤28,超重且有可识别合并症,关节运动系统,"{""months_per_visit"":6}","{""months_per_visit"":3}",,,A 减重旅程,请问您复诊或随访的频率如何？,numeric,仅A23=1时询问。
A23a,220322103,47,32,女,吉林省,城镇,大学本科,28.04,肥胖_BMI>28,肥胖未识别糖尿病,关节运动系统,"{""months_per_visit"":6}","{""months_per_visit"":3}",,,A 减重旅程,请问您复诊或随访的频率如何？,numeric,仅A23=1时询问。
A23a,411244104,51,49,女,河南省,城镇,高中/中专/技校/职高,30.85,肥胖_BMI>28,肥胖未识别糖尿病,无可识别研究相关合并症,"{""months_per_visit"":6}","{""months_per_visit"":""""}",,,A 减重旅程,请问您复诊或随访的频率如何？,numeric,仅A23=1时询问。
A23a,310855102,86,61,女,上海市,城镇,高中/中专/技校/职高,33.3,肥胖_BMI>28,肥胖未识别糖尿病,无可识别研究相关合并症,{},"{""months_per_visit"":6}",,,A 减重旅程,请问您复诊或随访的频率如何？,numeric,仅A23=1时询问。
A3,411875101,187,47,男,河南省,城镇,大学本科,26.73,超重_24<BMI≤28,超重且有可识别合并症,高血压,"[1,4,5,6]","[1,2,4,6]",,,A 减重旅程,在您的减重经历中，您决心开始采取减重措施的驱动因素有哪些？,multi,
A3a,411879101,120,55,男,河南省,城镇,大学本科,24.22,超重_24<BMI≤28,超重且有可识别合并症,高血压,"{""6"":1,""1"":2,""4"":3}","{""1"":1,""6"":2,""4"":3}",,,A 减重旅程,在A3勾选的驱动因素中，选出最重要的3项并排序。,rank,仅对A3已选项排序。
A3a,420493101,123,45,男,湖北省,城镇,大学本科,24.51,超重_24<BMI≤28,超重且有可识别合并症,高血压；心脑血管,"{""6"":1,""1"":2,""4"":3}","{""1"":1,""6"":2,""4"":3}",,,A 减重旅程,在A3勾选的驱动因素中，选出最重要的3项并排序。,rank,仅对A3已选项排序。
A3a,411875101,187,47,男,河南省,城镇,大学本科,26.73,超重_24<BMI≤28,超重且有可识别合并症,高血压,"{""1"":1,""6"":2,""4"":3}","{""3"":1,""1"":2,""6"":3}",,,A 减重旅程,在A3勾选的驱动因素中，选出最重要的3项并排序。,rank,仅对A3已选项排序。
A3a,220322103,47,32,女,吉林省,城镇,大学本科,28.04,肥胖_BMI>28,肥胖未识别糖尿病,关节运动系统,"{""2"":1,""6"":2,""4"":3}","{""2"":1,""4"":2,""6"":3}",,,A 减重旅程,在A3勾选的驱动因素中，选出最重要的3项并排序。,rank,仅对A3已选项排序。
A4,673100701,138,34,男,山东省,城镇,大学本科,24.84,超重_24<BMI≤28,超重且有可识别合并症,关节运动系统,"[1,2,3,4,7]","[1,2,3,4,6]",,,A 减重旅程,请问您的减重目标有哪些？,multi,
A4,450250102,151,52,男,广西壮族自治区,城镇,高中/中专/技校/职高,26.35,超重_24<BMI≤28,超重且有可识别合并症,关节运动系统,"[1,2,4,7,8]","[1,2,4,6,7,8]",,,A 减重旅程,请问您的减重目标有哪些？,multi,
A4,411313102,207,55,男,河南省,城镇,高中/中专/技校/职高,28.55,肥胖_BMI>28,肥胖且合并糖尿病,糖尿病,"[1,2,4,6,8]","[1,2,3,4,6,8]",,,A 减重旅程,请问您的减重目标有哪些？,multi,
A4,220322103,47,32,女,吉林省,城镇,大学本科,28.04,肥胖_BMI>28,肥胖未识别糖尿病,关节运动系统,"[1,2,3,4,6,8]","[1,2,3,4,5,6]",,,A 减重旅程,请问您的减重目标有哪些？,multi,
A4,411244104,51,49,女,河南省,城镇,高中/中专/技校/职高,30.85,肥胖_BMI>28,肥胖未识别糖尿病,无可识别研究相关合并症,"[1,2,3,4,6,8]","[1,2,3,4,5,6,8]",,,A 减重旅程,请问您的减重目标有哪些？,multi,
A4a,420493101,123,45,男,湖北省,城镇,大学本科,24.51,超重_24<BMI≤28,超重且有可识别合并症,高血压；心脑血管,"{""1"":1,""2"":2,""4"":3}","{""1"":1,""4"":2,""2"":3}",,,A 减重旅程,在A4勾选的减重目标中，选出最重要的3项并排序。,rank,仅对A4已选项排序。
A4a,673100701,138,34,男,山东省,城镇,大学本科,24.84,超重_24<BMI≤28,超重且有可识别合并症,关节运动系统,"{""1"":1,""4"":2,""2"":3}","{""1"":1,""4"":2,""3"":3}",,,A 减重旅程,在A4勾选的减重目标中，选出最重要的3项并排序。,rank,仅对A4已选项排序。
A4a,211769103,150,32,男,黑龙江省,城镇,大学本科,27.13,超重_24<BMI≤28,超重且有可识别合并症,肝病或MASH线索,"{""1"":1,""4"":2,""2"":3}","{""1"":1,""4"":2,""3"":3}",,,A 减重旅程,在A4勾选的减重目标中，选出最重要的3项并排序。,rank,仅对A4已选项排序。
A4a,450250102,151,52,男,广西壮族自治区,城镇,高中/中专/技校/职高,26.35,超重_24<BMI≤28,超重且有可识别合并症,关节运动系统,"{""1"":1,""4"":2,""2"":3}","{""1"":1,""4"":2,""8"":3}",,,A 减重旅程,在A4勾选的减重目标中，选出最重要的3项并排序。,rank,仅对A4已选项排序。
A4a,220322103,47,32,女,吉林省,城镇,大学本科,28.04,肥胖_BMI>28,肥胖未识别糖尿病,关节运动系统,"{""1"":1,""4"":2,""3"":3}","{""1"":1,""3"":2,""4"":3}",,,A 减重旅程,在A4勾选的减重目标中，选出最重要的3项并排序。,rank,仅对A4已选项排序。
A4a,411244104,51,49,女,河南省,城镇,高中/中专/技校/职高,30.85,肥胖_BMI>28,肥胖未识别糖尿病,无可识别研究相关合并症,"{""1"":1,""4"":2,""6"":3}","{""1"":1,""4"":2,""3"":3}",,,A 减重旅程,在A4勾选的减重目标中，选出最重要的3项并排序。,rank,仅对A4已选项排序。
A4a,310855102,86,61,女,上海市,城镇,高中/中专/技校/职高,33.3,肥胖_BMI>28,肥胖未识别糖尿病,无可识别研究相关合并症,"{""4"":1,""1"":2,""6"":3}","{""4"":1,""1"":2,""8"":3}",,,A 减重旅程,在A4勾选的减重目标中，选出最重要的3项并排序。,rank,仅对A4已选项排序。
A5a,411875101,187,47,男,河南省,城镇,大学本科,26.73,超重_24<BMI≤28,超重且有可识别合并症,高血压,6,12,,,A 减重旅程,请问您希望达到目标体重的时长为多少个月？,numeric,
A6,411879101,120,55,男,河南省,城镇,大学本科,24.22,超重_24<BMI≤28,超重且有可识别合并症,高血压,"{""2"":{""attempts"":3,""avg_months"":6,""monthly_cost_rmb"":200},""5"":{""attempts"":2,""avg_months"":2,""monthly_cost_rmb"":150},""9"":{""attempts"":4,""avg_months"":4,""monthly_cost_rmb"":0},""10"":{""attempts"":2,""avg_months"":3,""monthly_cost_rmb"":200},""1"":{""attempts"":1,""avg_months"":1.5,""monthly_cost_rmb"":300},""3"":{""attempts"":1,""avg_months"":1,""monthly_cost_rmb"":100}}","{""2"":{""attempts"":3,""avg_months"":6,""monthly_cost_rmb"":200},""4"":{""attempts"":2,""avg_months"":3,""monthly_cost_rmb"":300},""9"":{""attempts"":4,""avg_months"":6,""monthly_cost_rmb"":0},""10"":{""attempts"":2,""avg_months"":4,""monthly_cost_rmb"":100}}",,,A 减重旅程,针对经历过的非西医减重措施，分别填写尝试次数、单次平均坚持时长和月均花费。,matrix_numeric,仅S10包含1-11任一选项时询问；只出示S10已选的1-11项。
A6,420493101,123,45,男,湖北省,城镇,大学本科,24.51,超重_24<BMI≤28,超重且有可识别合并症,高血压；心脑血管,"{""2"":{""attempts"":3,""avg_months"":6,""monthly_cost_rmb"":300},""9"":{""attempts"":3,""avg_months"":4,""monthly_cost_rmb"":0},""10"":{""attempts"":2,""avg_months"":3,""monthly_cost_rmb"":200},""11"":{""attempts"":1,""avg_months"":2,""monthly_cost_rmb"":600},""1"":{""attempts"":1,""avg_months"":1.5,""monthly_cost_rmb"":400},""3"":{""attempts"":1,""avg_months"":1,""monthly_cost_rmb"":150}}","{""2"":{""attempts"":3,""avg_months"":6,""monthly_cost_rmb"":300},""4"":{""attempts"":2,""avg_months"":3,""monthly_cost_rmb"":200},""9"":{""attempts"":4,""avg_months"":4,""monthly_cost_rmb"":0},""10"":{""attempts"":2,""avg_months"":2,""monthly_cost_rmb"":200}}",,,A 减重旅程,针对经历过的非西医减重措施，分别填写尝试次数、单次平均坚持时长和月均花费。,matrix_numeric,仅S10包含1-11任一选项时询问；只出示S10已选的1-11项。
A6,673100701,138,34,男,山东省,城镇,大学本科,24.84,超重_24<BMI≤28,超重且有可识别合并症,关节运动系统,"{""2"":{""attempts"":3,""avg_months"":3,""monthly_cost_rmb"":200},""4"":{""attempts"":2,""avg_months"":2,""monthly_cost_rmb"":300},""9"":{""attempts"":3,""avg_months"":2,""monthly_cost_rmb"":0},""10"":{""attempts"":1,""avg_months"":1.5,""monthly_cost_rmb"":200}}","{""2"":{""attempts"":3,""avg_months"":3,""monthly_cost_rmb"":300},""4"":{""attempts"":2,""avg_months"":2,""monthly_cost_rmb"":200},""9"":{""attempts"":3,""avg_months"":2.5,""monthly_cost_rmb"":0},""11"":{""attempts"":1,""avg_months"":3,""monthly_cost_rmb"":400}}",,,A 减重旅程,针对经历过的非西医减重措施，分别填写尝试次数、单次平均坚持时长和月均花费。,matrix_numeric,仅S10包含1-11任一选项时询问；只出示S10已选的1-11项。
A6,211769103,150,32,男,黑龙江省,城镇,大学本科,27.13,超重_24<BMI≤28,超重且有可识别合并症,肝病或MASH线索,"{""2"":{""attempts"":3,""avg_months"":4,""monthly_cost_rmb"":300},""3"":{""attempts"":2,""avg_months"":2,""monthly_cost_rmb"":150},""4"":{""attempts"":1,""avg_months"":1,""monthly_cost_rmb"":200},""9"":{""attempts"":3,""avg_months"":3,""monthly_cost_rmb"":0},""12"":{""attempts"":1,""avg_months"":2,""monthly_cost_rmb"":400}}","{""2"":{""attempts"":3,""avg_months"":3.0,""monthly_cost_rmb"":300},""4"":{""attempts"":2,""avg_months"":2.0,""monthly_cost_rmb"":200},""9"":{""attempts"":3,""avg_months"":2.0,""monthly_cost_rmb"":0},""12"":{""attempts"":1,""avg_months"":1.0,""monthly_cost_rmb"":400},""13"":{""attempts"":1,""avg_months"":3.0,""monthly_cost_rmb"":1500}}",,,A 减重旅程,针对经历过的非西医减重措施，分别填写尝试次数、单次平均坚持时长和月均花费。,matrix_numeric,仅S10包含1-11任一选项时询问；只出示S10已选的1-11项。
A6,450250102,151,52,男,广西壮族自治区,城镇,高中/中专/技校/职高,26.35,超重_24<BMI≤28,超重且有可识别合并症,关节运动系统,"{""2"":{""attempts"":3,""avg_months"":6,""monthly_cost_rmb"":200},""3"":{""attempts"":2,""avg_months"":2,""monthly_cost_rmb"":150},""9"":{""attempts"":4,""avg_months"":6,""monthly_cost_rmb"":0},""10"":{""attempts"":2,""avg_months"":3,""monthly_cost_rmb"":100}}","{""2"":{""attempts"":3,""avg_months"":6,""monthly_cost_rmb"":200},""3"":{""attempts"":2,""avg_months"":2,""monthly_cost_rmb"":150},""9"":{""attempts"":3,""avg_months"":8,""monthly_cost_rmb"":0},""10"":{""attempts"":1,""avg_months"":3,""monthly_cost_rmb"":100}}",,,A 减重旅程,针对经历过的非西医减重措施，分别填写尝试次数、单次平均坚持时长和月均花费。,matrix_numeric,仅S10包含1-11任一选项时询问；只出示S10已选的1-11项。
A6,411875101,187,47,男,河南省,城镇,大学本科,26.73,超重_24<BMI≤28,超重且有可识别合并症,高血压,"{""2"":{""attempts"":4,""avg_months"":6,""monthly_cost_rmb"":300},""3"":{""attempts"":2,""avg_months"":2,""monthly_cost_rmb"":150},""4"":{""attempts"":2,""avg_months"":3,""monthly_cost_rmb"":200},""9"":{""attempts"":4,""avg_months"":5,""monthly_cost_rmb"":0},""10"":{""attempts"":2,""avg_months"":2,""monthly_cost_rmb"":200}}","{""2"":{""attempts"":3,""avg_months"":6,""monthly_cost_rmb"":300},""4"":{""attempts"":2,""avg_months"":3,""monthly_cost_rmb"":200},""9"":{""attempts"":4,""avg_months"":4,""monthly_cost_rmb"":0},""11"":{""attempts"":1,""avg_months"":2,""monthly_cost_rmb"":600}}",,,A 减重旅程,针对经历过的非西医减重措施，分别填写尝试次数、单次平均坚持时长和月均花费。,matrix_numeric,仅S10包含1-11任一选项时询问；只出示S10已选的1-11项。
A6,411313102,207,55,男,河南省,城镇,高中/中专/技校/职高,28.55,肥胖_BMI>28,肥胖且合并糖尿病,糖尿病,"{""2"":{""attempts"":3,""avg_months"":6,""monthly_cost_rmb"":200},""3"":{""attempts"":2,""avg_months"":2,""monthly_cost_rmb"":150},""4"":{""attempts"":2,""avg_months"":3,""monthly_cost_rmb"":200},""5"":{""attempts"":1,""avg_months"":2,""monthly_cost_rmb"":300},""9"":{""attempts"":4,""avg_months"":6,""monthly_cost_rmb"":0}}","{""2"":{""attempts"":3,""avg_months"":6,""monthly_cost_rmb"":200},""4"":{""attempts"":2,""avg_months"":3,""monthly_cost_rmb"":300},""9"":{""attempts"":4,""avg_months"":6,""monthly_cost_rmb"":0},""12"":{""attempts"":1,""avg_months"":2,""monthly_cost_rmb"":150},""13"":{""attempts"":1,""avg_months"":4,""monthly_cost_rmb"":800}}",,,A 减重旅程,针对经历过的非西医减重措施，分别填写尝试次数、单次平均坚持时长和月均花费。,matrix_numeric,仅S10包含1-11任一选项时询问；只出示S10已选的1-11项。
A6,220322103,47,32,女,吉林省,城镇,大学本科,28.04,肥胖_BMI>28,肥胖未识别糖尿病,关节运动系统,"{""2"":{""attempts"":4,""avg_months"":3.0,""monthly_cost_rmb"":300},""3"":{""attempts"":2,""avg_months"":1.5,""monthly_cost_rmb"":200},""4"":{""attempts"":2,""avg_months"":2.0,""monthly_cost_rmb"":300},""9"":{""attempts"":3,""avg_months"":2.0,""monthly_cost_rmb"":0}}","{""2"":{""attempts"":3,""avg_months"":4,""monthly_cost_rmb"":300},""3"":{""attempts"":2,""avg_months"":2,""monthly_cost_rmb"":200},""4"":{""attempts"":2,""avg_months"":3,""monthly_cost_rmb"":300},""9"":{""attempts"":2,""avg_months"":3,""monthly_cost_rmb"":0},""12"":{""attempts"":1,""avg_months"":2,""monthly_cost_rmb"":400}}",,,A 减重旅程,针对经历过的非西医减重措施，分别填写尝试次数、单次平均坚持时长和月均花费。,matrix_numeric,仅S10包含1-11任一选项时询问；只出示S10已选的1-11项。
A6,411244104,51,49,女,河南省,城镇,高中/中专/技校/职高,30.85,肥胖_BMI>28,肥胖未识别糖尿病,无可识别研究相关合并症,"{""2"":{""attempts"":4,""avg_months"":6,""monthly_cost_rmb"":200},""3"":{""attempts"":2,""avg_months"":2,""monthly_cost_rmb"":150},""4"":{""attempts"":2,""avg_months"":3,""monthly_cost_rmb"":200},""9"":{""attempts"":4,""avg_months"":4,""monthly_cost_rmb"":0},""11"":{""attempts"":1,""avg_months"":3,""monthly_cost_rmb"":400},""12"":{""attempts"":1,""avg_months"":2,""monthly_cost_rmb"":300}}","{""2"":{""attempts"":3,""avg_months"":4.0,""monthly_cost_rmb"":200},""3"":{""attempts"":2,""avg_months"":2.0,""monthly_cost_rmb"":100},""4"":{""attempts"":2,""avg_months"":3.0,""monthly_cost_rmb"":150},""9"":{""attempts"":3,""avg_months"":3.0,""monthly_cost_rmb"":0},""11"":{""attempts"":1,""avg_months"":2.0,""monthly_cost_rmb"":300}}",,,A 减重旅程,针对经历过的非西医减重措施，分别填写尝试次数、单次平均坚持时长和月均花费。,matrix_numeric,仅S10包含1-11任一选项时询问；只出示S10已选的1-11项。
A6,310855102,86,61,女,上海市,城镇,高中/中专/技校/职高,33.3,肥胖_BMI>28,肥胖未识别糖尿病,无可识别研究相关合并症,"{""2"":{""attempts"":4,""avg_months"":6,""monthly_cost_rmb"":200},""3"":{""attempts"":2,""avg_months"":2,""monthly_cost_rmb"":100},""4"":{""attempts"":2,""avg_months"":3,""monthly_cost_rmb"":150},""5"":{""attempts"":1,""avg_months"":2,""monthly_cost_rmb"":300},""9"":{""attempts"":3,""avg_months"":4,""monthly_cost_rmb"":0}}","{""2"":{""attempts"":3,""avg_months"":6,""monthly_cost_rmb"":200},""3"":{""attempts"":2,""avg_months"":2,""monthly_cost_rmb"":100},""4"":{""attempts"":2,""avg_months"":3,""monthly_cost_rmb"":150},""9"":{""attempts"":3,""avg_months"":4,""monthly_cost_rmb"":0}}",,,A 减重旅程,针对经历过的非西医减重措施，分别填写尝试次数、单次平均坚持时长和月均花费。,matrix_numeric,仅S10包含1-11任一选项时询问；只出示S10已选的1-11项。
A8,420493101,123,45,男,湖北省,城镇,大学本科,24.51,超重_24<BMI≤28,超重且有可识别合并症,高血压；心脑血管,"{""1"":5,""2"":3,""3"":2,""4"":6}","{""1"":5,""2"":3,""3"":4,""4"":6}",,,A 减重旅程,请您对这些非西医减重措施的减重效果满意度进行评价。,matrix_rating_1_7,仅出示S10已选选项所属的大类。
A8,211769103,150,32,男,黑龙江省,城镇,大学本科,27.13,超重_24<BMI≤28,超重且有可识别合并症,肝病或MASH线索,"{""1"":4,""2"":3,""3"":3,""4"":5}","{""1"":4,""2"":3,""3"":0,""4"":5}",,,A 减重旅程,请您对这些非西医减重措施的减重效果满意度进行评价。,matrix_rating_1_7,仅出示S10已选选项所属的大类。
A8,450250102,151,52,男,广西壮族自治区,城镇,高中/中专/技校/职高,26.35,超重_24<BMI≤28,超重且有可识别合并症,关节运动系统,"{""1"":5,""2"":3,""4"":6}","{""1"":6,""2"":3,""4"":7}",,,A 减重旅程,请您对这些非西医减重措施的减重效果满意度进行评价。,matrix_rating_1_7,仅出示S10已选选项所属的大类。
A8,411875101,187,47,男,河南省,城镇,大学本科,26.73,超重_24<BMI≤28,超重且有可识别合并症,高血压,"{""1"":5,""2"":3,""3"":4,""4"":6}","{""1"":5,""2"":3,""3"":2,""4"":6}",,,A 减重旅程,请您对这些非西医减重措施的减重效果满意度进行评价。,matrix_rating_1_7,仅出示S10已选选项所属的大类。
A8,411313102,207,55,男,河南省,城镇,高中/中专/技校/职高,28.55,肥胖_BMI>28,肥胖且合并糖尿病,糖尿病,"{""1"":5,""2"":3,""3"":4,""4"":6}","{""1"":5,""2"":3,""4"":6}",,,A 减重旅程,请您对这些非西医减重措施的减重效果满意度进行评价。,matrix_rating_1_7,仅出示S10已选选项所属的大类。
A8,220322103,47,32,女,吉林省,城镇,大学本科,28.04,肥胖_BMI>28,肥胖未识别糖尿病,关节运动系统,"{""1"":4,""2"":3,""4"":3}","{""1"":4,""2"":3,""3"":2,""4"":5}",,,A 减重旅程,请您对这些非西医减重措施的减重效果满意度进行评价。,matrix_rating_1_7,仅出示S10已选选项所属的大类。
A8,411244104,51,49,女,河南省,城镇,高中/中专/技校/职高,30.85,肥胖_BMI>28,肥胖未识别糖尿病,无可识别研究相关合并症,"{""1"":4,""2"":3,""3"":0,""4"":5}","{""1"":5,""2"":3,""3"":4,""4"":6}",,,A 减重旅程,请您对这些非西医减重措施的减重效果满意度进行评价。,matrix_rating_1_7,仅出示S10已选选项所属的大类。
A8,310855102,86,61,女,上海市,城镇,高中/中专/技校/职高,33.3,肥胖_BMI>28,肥胖未识别糖尿病,无可识别研究相关合并症,"{""1"":4,""2"":3,""3"":4,""4"":5}","{""1"":4,""2"":3,""4"":5}",,,A 减重旅程,请您对这些非西医减重措施的减重效果满意度进行评价。,matrix_rating_1_7,仅出示S10已选选项所属的大类。
A9,411313102,207,55,男,河南省,城镇,高中/中专/技校/职高,28.55,肥胖_BMI>28,肥胖且合并糖尿病,糖尿病,[2],"[1,2]",,,A 减重旅程,请问您是否因为肥胖或肥胖相关合并症到医院就诊过？,multi,
A9,411244104,51,49,女,河南省,城镇,高中/中专/技校/职高,30.85,肥胖_BMI>28,肥胖未识别糖尿病,无可识别研究相关合并症,[1],[3],,,A 减重旅程,请问您是否因为肥胖或肥胖相关合并症到医院就诊过？,multi,
B1,673100701,138,34,男,山东省,城镇,大学本科,24.84,超重_24<BMI≤28,超重且有可识别合并症,关节运动系统,1,,,,B GLP-1药物选择与使用情况,请问您是否知晓GLP-1药物可用于超重或肥胖症的减重治疗？,single,仅S10不含13且A20不含2，即未使用过GLP-1用于减重时询问。
B1,220322103,47,32,女,吉林省,城镇,大学本科,28.04,肥胖_BMI>28,肥胖未识别糖尿病,关节运动系统,1,,,,B GLP-1药物选择与使用情况,请问您是否知晓GLP-1药物可用于超重或肥胖症的减重治疗？,single,仅S10不含13且A20不含2，即未使用过GLP-1用于减重时询问。
B1,411244104,51,49,女,河南省,城镇,高中/中专/技校/职高,30.85,肥胖_BMI>28,肥胖未识别糖尿病,无可识别研究相关合并症,,1,,,B GLP-1药物选择与使用情况,请问您是否知晓GLP-1药物可用于超重或肥胖症的减重治疗？,single,仅S10不含13且A20不含2，即未使用过GLP-1用于减重时询问。
B1,310855102,86,61,女,上海市,城镇,高中/中专/技校/职高,33.3,肥胖_BMI>28,肥胖未识别糖尿病,无可识别研究相关合并症,2,,,,B GLP-1药物选择与使用情况,请问您是否知晓GLP-1药物可用于超重或肥胖症的减重治疗？,single,仅S10不含13且A20不含2，即未使用过GLP-1用于减重时询问。
B10,411879101,120,55,男,河南省,城镇,大学本科,24.22,超重_24<BMI≤28,超重且有可识别合并症,高血压,"{""3"":{""all_reasons"":[5,4],""most_important"":5}}",,,,B GLP-1药物选择与使用情况,既往使用过但目前已停用的GLP-1药物，停药原因分别是什么？最重要原因是什么？,matrix_multi_plus_single,仅B9中有目前已停用的药物时询问。
B10,420493101,123,45,男,湖北省,城镇,大学本科,24.51,超重_24<BMI≤28,超重且有可识别合并症,高血压；心脑血管,,"{""3"":{""all_reasons"":[2,4],""most_important"":4}}",,,B GLP-1药物选择与使用情况,既往使用过但目前已停用的GLP-1药物，停药原因分别是什么？最重要原因是什么？,matrix_multi_plus_single,仅B9中有目前已停用的药物时询问。
B10,673100701,138,34,男,山东省,城镇,大学本科,24.84,超重_24<BMI≤28,超重且有可识别合并症,关节运动系统,{},"{""3"":{""all_reasons"":[4,5],""most_important"":4}}",,,B GLP-1药物选择与使用情况,既往使用过但目前已停用的GLP-1药物，停药原因分别是什么？最重要原因是什么？,matrix_multi_plus_single,仅B9中有目前已停用的药物时询问。
B10,211769103,150,32,男,黑龙江省,城镇,大学本科,27.13,超重_24<BMI≤28,超重且有可识别合并症,肝病或MASH线索,"{""3"":{""all_reasons"":[4,5],""most_important"":4}}","{""3"":{""all_reasons"":[2,4],""most_important"":4}}",,,B GLP-1药物选择与使用情况,既往使用过但目前已停用的GLP-1药物，停药原因分别是什么？最重要原因是什么？,matrix_multi_plus_single,仅B9中有目前已停用的药物时询问。
B10,450250102,151,52,男,广西壮族自治区,城镇,高中/中专/技校/职高,26.35,超重_24<BMI≤28,超重且有可识别合并症,关节运动系统,,"{""3"":{""all_reasons"":[5,4],""most_important"":5}}",,,B GLP-1药物选择与使用情况,既往使用过但目前已停用的GLP-1药物，停药原因分别是什么？最重要原因是什么？,matrix_multi_plus_single,仅B9中有目前已停用的药物时询问。
B10,411875101,187,47,男,河南省,城镇,大学本科,26.73,超重_24<BMI≤28,超重且有可识别合并症,高血压,"{""3"":{""all_reasons"":[4,5],""most_important"":4}}","{""3"":{""all_reasons"":[2,4,5],""most_important"":4}}",,,B GLP-1药物选择与使用情况,既往使用过但目前已停用的GLP-1药物，停药原因分别是什么？最重要原因是什么？,matrix_multi_plus_single,仅B9中有目前已停用的药物时询问。
B10,220322103,47,32,女,吉林省,城镇,大学本科,28.04,肥胖_BMI>28,肥胖未识别糖尿病,关节运动系统,{},,,,B GLP-1药物选择与使用情况,既往使用过但目前已停用的GLP-1药物，停药原因分别是什么？最重要原因是什么？,matrix_multi_plus_single,仅B9中有目前已停用的药物时询问。
B10,411244104,51,49,女,河南省,城镇,高中/中专/技校/职高,30.85,肥胖_BMI>28,肥胖未识别糖尿病,无可识别研究相关合并症,"{""3"":{""all_reasons"":[2,4],""most_important"":4}}",{},,,B GLP-1药物选择与使用情况,既往使用过但目前已停用的GLP-1药物，停药原因分别是什么？最重要原因是什么？,matrix_multi_plus_single,仅B9中有目前已停用的药物时询问。
B10,310855102,86,61,女,上海市,城镇,高中/中专/技校/职高,33.3,肥胖_BMI>28,肥胖未识别糖尿病,无可识别研究相关合并症,{},"{""3"":{""all_reasons"":[2,4,5],""most_important"":4}}",,,B GLP-1药物选择与使用情况,既往使用过但目前已停用的GLP-1药物，停药原因分别是什么？最重要原因是什么？,matrix_multi_plus_single,仅B9中有目前已停用的药物时询问。
B11,450250102,151,52,男,广西壮族自治区,城镇,高中/中专/技校/职高,26.35,超重_24<BMI≤28,超重且有可识别合并症,关节运动系统,,{},,,B GLP-1药物选择与使用情况,使用过至少两种GLP-1时，驱动更换药物决策的因素有哪些？,matrix_multi,仅B9使用过至少两种GLP-1时询问。
B11,220322103,47,32,女,吉林省,城镇,大学本科,28.04,肥胖_BMI>28,肥胖未识别糖尿病,关节运动系统,{},,,,B GLP-1药物选择与使用情况,使用过至少两种GLP-1时，驱动更换药物决策的因素有哪些？,matrix_multi,仅B9使用过至少两种GLP-1时询问。
B12,411879101,120,55,男,河南省,城镇,大学本科,24.22,超重_24<BMI≤28,超重且有可识别合并症,高血压,"{""A"":{""all_factors"":[1,4,5],""most_important"":1}}",,,,B GLP-1药物选择与使用情况,选择司美格鲁肽/替尔泊肽/玛仕度肽/埃诺格鲁肽时，哪些是最终决策的重要影响因素？最重要因素是什么？,matrix_multi_plus_single,仅B9使用过3/4/5/6时询问；只出示已使用药物。
B12,673100701,138,34,男,山东省,城镇,大学本科,24.84,超重_24<BMI≤28,超重且有可识别合并症,关节运动系统,{},"{""A"":{""all_factors"":[2,5,7],""most_important"":2}}",,,B GLP-1药物选择与使用情况,选择司美格鲁肽/替尔泊肽/玛仕度肽/埃诺格鲁肽时，哪些是最终决策的重要影响因素？最重要因素是什么？,matrix_multi_plus_single,仅B9使用过3/4/5/6时询问；只出示已使用药物。
B12,220322103,47,32,女,吉林省,城镇,大学本科,28.04,肥胖_BMI>28,肥胖未识别糖尿病,关节运动系统,{},"{""A"":{""all_factors"":[1,2,4,5],""most_important"":1}}",,,B GLP-1药物选择与使用情况,选择司美格鲁肽/替尔泊肽/玛仕度肽/埃诺格鲁肽时，哪些是最终决策的重要影响因素？最重要因素是什么？,matrix_multi_plus_single,仅B9使用过3/4/5/6时询问；只出示已使用药物。
B12,411244104,51,49,女,河南省,城镇,高中/中专/技校/职高,30.85,肥胖_BMI>28,肥胖未识别糖尿病,无可识别研究相关合并症,"{""A"":{""all_factors"":[1,4,5],""most_important"":1}}",{},,,B GLP-1药物选择与使用情况,选择司美格鲁肽/替尔泊肽/玛仕度肽/埃诺格鲁肽时，哪些是最终决策的重要影响因素？最重要因素是什么？,matrix_multi_plus_single,仅B9使用过3/4/5/6时询问；只出示已使用药物。
B12,310855102,86,61,女,上海市,城镇,高中/中专/技校/职高,33.3,肥胖_BMI>28,肥胖未识别糖尿病,无可识别研究相关合并症,{},"{""A"":{""all_factors"":[1,4,5],""most_important"":1}}",,,B GLP-1药物选择与使用情况,选择司美格鲁肽/替尔泊肽/玛仕度肽/埃诺格鲁肽时，哪些是最终决策的重要影响因素？最重要因素是什么？,matrix_multi_plus_single,仅B9使用过3/4/5/6时询问；只出示已使用药物。
B13,411879101,120,55,男,河南省,城镇,大学本科,24.22,超重_24<BMI≤28,超重且有可识别合并症,高血压,"{""A"":[1,2,6,7,15]}",,,,B GLP-1药物选择与使用情况,选择相关GLP-1时，您从哪些信息渠道获取过产品信息？,matrix_multi,仅B9使用过3/4/5/6时询问；只出示已使用药物。
B13,420493101,123,45,男,湖北省,城镇,大学本科,24.51,超重_24<BMI≤28,超重且有可识别合并症,高血压；心脑血管,"{""A"":[1,4,7,8,15]}","{""A"":[1,5,7,8,15]}",,,B GLP-1药物选择与使用情况,选择相关GLP-1时，您从哪些信息渠道获取过产品信息？,matrix_multi,仅B9使用过3/4/5/6时询问；只出示已使用药物。
B13,673100701,138,34,男,山东省,城镇,大学本科,24.84,超重_24<BMI≤28,超重且有可识别合并症,关节运动系统,{},"{""A"":[1,5,7,8,15]}",,,B GLP-1药物选择与使用情况,选择相关GLP-1时，您从哪些信息渠道获取过产品信息？,matrix_multi,仅B9使用过3/4/5/6时询问；只出示已使用药物。
B13,211769103,150,32,男,黑龙江省,城镇,大学本科,27.13,超重_24<BMI≤28,超重且有可识别合并症,肝病或MASH线索,"{""A"":[1,2,5,6,7,15]}","{""A"":[1,5,7,8,15]}",,,B GLP-1药物选择与使用情况,选择相关GLP-1时，您从哪些信息渠道获取过产品信息？,matrix_multi,仅B9使用过3/4/5/6时询问；只出示已使用药物。
B13,450250102,151,52,男,广西壮族自治区,城镇,高中/中专/技校/职高,26.35,超重_24<BMI≤28,超重且有可识别合并症,关节运动系统,"{""A"":[1,2,6,7,15]}","{""A"":[1,2,7]}",,,B GLP-1药物选择与使用情况,选择相关GLP-1时，您从哪些信息渠道获取过产品信息？,matrix_multi,仅B9使用过3/4/5/6时询问；只出示已使用药物。
B13,411313102,207,55,男,河南省,城镇,高中/中专/技校/职高,28.55,肥胖_BMI>28,肥胖且合并糖尿病,糖尿病,"{""A"":[1,2,5,7,15]}","{""A"":[1,2,6,7,15]}",,,B GLP-1药物选择与使用情况,选择相关GLP-1时，您从哪些信息渠道获取过产品信息？,matrix_multi,仅B9使用过3/4/5/6时询问；只出示已使用药物。
B13,220322103,47,32,女,吉林省,城镇,大学本科,28.04,肥胖_BMI>28,肥胖未识别糖尿病,关节运动系统,{},"{""A"":[1,2,4,7,8,15]}",,,B GLP-1药物选择与使用情况,选择相关GLP-1时，您从哪些信息渠道获取过产品信息？,matrix_multi,仅B9使用过3/4/5/6时询问；只出示已使用药物。
B13,411244104,51,49,女,河南省,城镇,高中/中专/技校/职高,30.85,肥胖_BMI>28,肥胖未识别糖尿病,无可识别研究相关合并症,"{""A"":[1,2,7,8,15]}",{},,,B GLP-1药物选择与使用情况,选择相关GLP-1时，您从哪些信息渠道获取过产品信息？,matrix_multi,仅B9使用过3/4/5/6时询问；只出示已使用药物。
B13,310855102,86,61,女,上海市,城镇,高中/中专/技校/职高,33.3,肥胖_BMI>28,肥胖未识别糖尿病,无可识别研究相关合并症,{},"{""A"":[1,2,5,6,7,15]}",,,B GLP-1药物选择与使用情况,选择相关GLP-1时，您从哪些信息渠道获取过产品信息？,matrix_multi,仅B9使用过3/4/5/6时询问；只出示已使用药物。
B14,411879101,120,55,男,河南省,城镇,大学本科,24.22,超重_24<BMI≤28,超重且有可识别合并症,高血压,"{""A"":{""start_dose"":""0.25mg"",""start_weeks"":4,""maintenance_dose"":""1.0mg"",""maintenance_weeks"":8,""transition_doses"":[{""dose"":""0.5mg"",""weeks"":4}],""total_weeks"":16}}",,,,B GLP-1药物选择与使用情况,回忆GLP-1实际使用过程中的剂量调整过程：起始剂量、维持剂量、过渡剂量及各阶段持续周数。,matrix_titration,仅B9使用过3/4/5/6时询问；只出示已使用药物。
B14,420493101,123,45,男,湖北省,城镇,大学本科,24.51,超重_24<BMI≤28,超重且有可识别合并症,高血压；心脑血管,"{""A"":{""start_dose"":""0.25mg"",""start_weeks"":4,""maintenance_dose"":""1mg"",""maintenance_weeks"":8,""transition_doses"":[{""dose"":""0.5mg"",""weeks"":4}],""total_weeks"":16}}","{""A"":{""start_dose"":""0.25mg"",""start_weeks"":4,""maintenance_dose"":""1.0mg"",""maintenance_weeks"":20,""transition_doses"":[{""dose"":""0.5mg"",""weeks"":4}],""total_weeks"":28}}",,,B GLP-1药物选择与使用情况,回忆GLP-1实际使用过程中的剂量调整过程：起始剂量、维持剂量、过渡剂量及各阶段持续周数。,matrix_titration,仅B9使用过3/4/5/6时询问；只出示已使用药物。
B14,673100701,138,34,男,山东省,城镇,大学本科,24.84,超重_24<BMI≤28,超重且有可识别合并症,关节运动系统,{},"{""A"":{""start_dose"":""0.25mg"",""start_weeks"":4,""maintenance_dose"":""1.0mg"",""maintenance_weeks"":16,""transition_doses"":[{""dose"":""0.5mg"",""weeks"":4}],""total_weeks"":24}}",,,B GLP-1药物选择与使用情况,回忆GLP-1实际使用过程中的剂量调整过程：起始剂量、维持剂量、过渡剂量及各阶段持续周数。,matrix_titration,仅B9使用过3/4/5/6时询问；只出示已使用药物。
B14,211769103,150,32,男,黑龙江省,城镇,大学本科,27.13,超重_24<BMI≤28,超重且有可识别合并症,肝病或MASH线索,"{""A"":{""start_dose"":""0.25mg"",""start_weeks"":4,""maintenance_dose"":""1mg"",""maintenance_weeks"":8,""transition_doses"":[{""dose"":""0.5mg"",""weeks"":4}],""total_weeks"":16}}","{""A"":{""start_dose"":""0.25mg"",""start_weeks"":4,""maintenance_dose"":""1.0mg"",""maintenance_weeks"":12,""transition_doses"":[{""dose"":""0.5mg"",""weeks"":4}],""total_weeks"":20}}",,,B GLP-1药物选择与使用情况,回忆GLP-1实际使用过程中的剂量调整过程：起始剂量、维持剂量、过渡剂量及各阶段持续周数。,matrix_titration,仅B9使用过3/4/5/6时询问；只出示已使用药物。
B14,411875101,187,47,男,河南省,城镇,大学本科,26.73,超重_24<BMI≤28,超重且有可识别合并症,高血压,"{""A"":{""start_dose"":""0.25mg"",""start_weeks"":4,""maintenance_dose"":""1.0mg"",""maintenance_weeks"":16,""transition_doses"":[{""dose"":""0.5mg"",""weeks"":4}],""total_weeks"":24}}","{""A"":{""start_dose"":""0.25mg"",""start_weeks"":4,""maintenance_dose"":""1.0mg"",""maintenance_weeks"":20,""transition_doses"":[{""dose"":""0.5mg"",""weeks"":4}],""total_weeks"":28}}",,,B GLP-1药物选择与使用情况,回忆GLP-1实际使用过程中的剂量调整过程：起始剂量、维持剂量、过渡剂量及各阶段持续周数。,matrix_titration,仅B9使用过3/4/5/6时询问；只出示已使用药物。
B14,411313102,207,55,男,河南省,城镇,高中/中专/技校/职高,28.55,肥胖_BMI>28,肥胖且合并糖尿病,糖尿病,"{""A"":{""start_dose"":""0.25mg"",""start_weeks"":4,""maintenance_dose"":""1.0mg"",""maintenance_weeks"":12,""transition_doses"":[{""dose"":""0.5mg"",""weeks"":4}],""total_weeks"":20}}","{""A"":{""start_dose"":""0.25mg"",""start_weeks"":4,""maintenance_dose"":""1mg"",""maintenance_weeks"":8,""transition_doses"":[{""dose"":""0.5mg"",""weeks"":4}],""total_weeks"":16}}",,,B GLP-1药物选择与使用情况,回忆GLP-1实际使用过程中的剂量调整过程：起始剂量、维持剂量、过渡剂量及各阶段持续周数。,matrix_titration,仅B9使用过3/4/5/6时询问；只出示已使用药物。
B14,220322103,47,32,女,吉林省,城镇,大学本科,28.04,肥胖_BMI>28,肥胖未识别糖尿病,关节运动系统,{},"{""A"":{""start_dose"":""0.25mg"",""start_weeks"":4,""maintenance_dose"":""1.0mg"",""maintenance_weeks"":8,""transition_doses"":[{""dose"":""0.5mg"",""weeks"":4}],""total_weeks"":16}}",,,B GLP-1药物选择与使用情况,回忆GLP-1实际使用过程中的剂量调整过程：起始剂量、维持剂量、过渡剂量及各阶段持续周数。,matrix_titration,仅B9使用过3/4/5/6时询问；只出示已使用药物。
B14,411244104,51,49,女,河南省,城镇,高中/中专/技校/职高,30.85,肥胖_BMI>28,肥胖未识别糖尿病,无可识别研究相关合并症,"{""A"":{""start_dose"":""0.25mg"",""start_weeks"":4,""maintenance_dose"":""1mg"",""maintenance_weeks"":12,""transition_doses"":[{""dose"":""0.5mg"",""weeks"":4}],""total_weeks"":20}}",{},,,B GLP-1药物选择与使用情况,回忆GLP-1实际使用过程中的剂量调整过程：起始剂量、维持剂量、过渡剂量及各阶段持续周数。,matrix_titration,仅B9使用过3/4/5/6时询问；只出示已使用药物。
B14,310855102,86,61,女,上海市,城镇,高中/中专/技校/职高,33.3,肥胖_BMI>28,肥胖未识别糖尿病,无可识别研究相关合并症,{},"{""A"":{""start_dose"":""0.25mg"",""start_weeks"":4,""maintenance_dose"":""1.0mg"",""maintenance_weeks"":16,""transition_doses"":[{""dose"":""0.5mg"",""weeks"":4}],""total_weeks"":24}}",,,B GLP-1药物选择与使用情况,回忆GLP-1实际使用过程中的剂量调整过程：起始剂量、维持剂量、过渡剂量及各阶段持续周数。,matrix_titration,仅B9使用过3/4/5/6时询问；只出示已使用药物。
B14d,411879101,120,55,男,河南省,城镇,大学本科,24.22,超重_24<BMI≤28,超重且有可识别合并症,高血压,"{""A"":{""missed_injections"":1}}",,,,B GLP-1药物选择与使用情况,估算各GLP-1使用经历中累计经历过几次漏打针。,matrix_numeric,仅B9使用过3/4/5/6时询问；只出示已使用药物。
B14d,420493101,123,45,男,湖北省,城镇,大学本科,24.51,超重_24<BMI≤28,超重且有可识别合并症,高血压；心脑血管,"{""A"":{""missed_injections"":1}}","{""A"":{""missed_injections"":2}}",,,B GLP-1药物选择与使用情况,估算各GLP-1使用经历中累计经历过几次漏打针。,matrix_numeric,仅B9使用过3/4/5/6时询问；只出示已使用药物。
B14d,673100701,138,34,男,山东省,城镇,大学本科,24.84,超重_24<BMI≤28,超重且有可识别合并症,关节运动系统,{},"{""A"":{""missed_injections"":1}}",,,B GLP-1药物选择与使用情况,估算各GLP-1使用经历中累计经历过几次漏打针。,matrix_numeric,仅B9使用过3/4/5/6时询问；只出示已使用药物。
B14d,220322103,47,32,女,吉林省,城镇,大学本科,28.04,肥胖_BMI>28,肥胖未识别糖尿病,关节运动系统,{},"{""A"":{""missed_injections"":1}}",,,B GLP-1药物选择与使用情况,估算各GLP-1使用经历中累计经历过几次漏打针。,matrix_numeric,仅B9使用过3/4/5/6时询问；只出示已使用药物。
B14d,411244104,51,49,女,河南省,城镇,高中/中专/技校/职高,30.85,肥胖_BMI>28,肥胖未识别糖尿病,无可识别研究相关合并症,"{""A"":{""missed_injections"":1}}",{},,,B GLP-1药物选择与使用情况,估算各GLP-1使用经历中累计经历过几次漏打针。,matrix_numeric,仅B9使用过3/4/5/6时询问；只出示已使用药物。
B14d,310855102,86,61,女,上海市,城镇,高中/中专/技校/职高,33.3,肥胖_BMI>28,肥胖未识别糖尿病,无可识别研究相关合并症,{},"{""A"":{""missed_injections"":2}}",,,B GLP-1药物选择与使用情况,估算各GLP-1使用经历中累计经历过几次漏打针。,matrix_numeric,仅B9使用过3/4/5/6时询问；只出示已使用药物。
B15,411879101,120,55,男,河南省,城镇,大学本科,24.22,超重_24<BMI≤28,超重且有可识别合并症,高血压,"{""A"":{""interrupted"":2,""times"":"""",""avg_interrupt_months"":""""}}",,,,B GLP-1药物选择与使用情况,GLP-1使用过程中，是否有中断一段时间再续用该药物的情况？次数和平均中断时长？,matrix_numeric,仅B9使用过3/4/5/6时询问；只出示已使用药物。
B15,420493101,123,45,男,湖北省,城镇,大学本科,24.51,超重_24<BMI≤28,超重且有可识别合并症,高血压；心脑血管,"{""A"":{""interrupted"":2,""times"":"""",""avg_interrupt_months"":""""}}","{""A"":{""interrupted"":1,""times"":1,""avg_interrupt_months"":1}}",,,B GLP-1药物选择与使用情况,GLP-1使用过程中，是否有中断一段时间再续用该药物的情况？次数和平均中断时长？,matrix_numeric,仅B9使用过3/4/5/6时询问；只出示已使用药物。
B15,673100701,138,34,男,山东省,城镇,大学本科,24.84,超重_24<BMI≤28,超重且有可识别合并症,关节运动系统,{},"{""A"":{""interrupted"":1,""times"":1,""avg_interrupt_months"":1}}",,,B GLP-1药物选择与使用情况,GLP-1使用过程中，是否有中断一段时间再续用该药物的情况？次数和平均中断时长？,matrix_numeric,仅B9使用过3/4/5/6时询问；只出示已使用药物。
B15,220322103,47,32,女,吉林省,城镇,大学本科,28.04,肥胖_BMI>28,肥胖未识别糖尿病,关节运动系统,{},"{""A"":{""interrupted"":2,""times"":"""",""avg_interrupt_months"":""""}}",,,B GLP-1药物选择与使用情况,GLP-1使用过程中，是否有中断一段时间再续用该药物的情况？次数和平均中断时长？,matrix_numeric,仅B9使用过3/4/5/6时询问；只出示已使用药物。
B15,411244104,51,49,女,河南省,城镇,高中/中专/技校/职高,30.85,肥胖_BMI>28,肥胖未识别糖尿病,无可识别研究相关合并症,"{""A"":{""interrupted"":1,""times"":1,""avg_interrupt_months"":1}}",{},,,B GLP-1药物选择与使用情况,GLP-1使用过程中，是否有中断一段时间再续用该药物的情况？次数和平均中断时长？,matrix_numeric,仅B9使用过3/4/5/6时询问；只出示已使用药物。
B15,310855102,86,61,女,上海市,城镇,高中/中专/技校/职高,33.3,肥胖_BMI>28,肥胖未识别糖尿病,无可识别研究相关合并症,{},"{""A"":{""interrupted"":1,""times"":1,""avg_interrupt_months"":1}}",,,B GLP-1药物选择与使用情况,GLP-1使用过程中，是否有中断一段时间再续用该药物的情况？次数和平均中断时长？,matrix_numeric,仅B9使用过3/4/5/6时询问；只出示已使用药物。
B15a,420493101,123,45,男,湖北省,城镇,大学本科,24.51,超重_24<BMI≤28,超重且有可识别合并症,高血压；心脑血管,,"{""A"":4}",,,B GLP-1药物选择与使用情况,使用该药物期间，中断再续用的原因是什么？,matrix_single,仅B15中有中断再续用的药物时询问。
B15a,673100701,138,34,男,山东省,城镇,大学本科,24.84,超重_24<BMI≤28,超重且有可识别合并症,关节运动系统,{},"{""A"":4}",,,B GLP-1药物选择与使用情况,使用该药物期间，中断再续用的原因是什么？,matrix_single,仅B15中有中断再续用的药物时询问。
B15a,450250102,151,52,男,广西壮族自治区,城镇,高中/中专/技校/职高,26.35,超重_24<BMI≤28,超重且有可识别合并症,关节运动系统,,{},,,B GLP-1药物选择与使用情况,使用该药物期间，中断再续用的原因是什么？,matrix_single,仅B15中有中断再续用的药物时询问。
B15a,220322103,47,32,女,吉林省,城镇,大学本科,28.04,肥胖_BMI>28,肥胖未识别糖尿病,关节运动系统,{},,,,B GLP-1药物选择与使用情况,使用该药物期间，中断再续用的原因是什么？,matrix_single,仅B15中有中断再续用的药物时询问。
B15a,411244104,51,49,女,河南省,城镇,高中/中专/技校/职高,30.85,肥胖_BMI>28,肥胖未识别糖尿病,无可识别研究相关合并症,"{""A"":4}",{},,,B GLP-1药物选择与使用情况,使用该药物期间，中断再续用的原因是什么？,matrix_single,仅B15中有中断再续用的药物时询问。
B15a,310855102,86,61,女,上海市,城镇,高中/中专/技校/职高,33.3,肥胖_BMI>28,肥胖未识别糖尿病,无可识别研究相关合并症,{},"{""A"":4}",,,B GLP-1药物选择与使用情况,使用该药物期间，中断再续用的原因是什么？,matrix_single,仅B15中有中断再续用的药物时询问。
B16,411879101,120,55,男,河南省,城镇,大学本科,24.22,超重_24<BMI≤28,超重且有可识别合并症,高血压,"{""A"":{""used_tool"":2,""satisfaction"":"""",""most_helpful_feature"":""""}}",,,,B GLP-1药物选择与使用情况,是否借助厂家提供的小程序作为用药记录、提醒和指南支持工具？满意度如何？最有帮助的功能是什么？,matrix,仅B9使用过3/4/5时询问；B16b仅满意度>5时填写。
B16,420493101,123,45,男,湖北省,城镇,大学本科,24.51,超重_24<BMI≤28,超重且有可识别合并症,高血压；心脑血管,"{""A"":{""used_tool"":1,""satisfaction"":6,""most_helpful_feature"":""用药提醒和记录体重变化的功能""}}","{""A"":{""used_tool"":1,""satisfaction"":6,""most_helpful_feature"":""用药提醒和记录体重变化的功能比较有帮助。""}}",,,B GLP-1药物选择与使用情况,是否借助厂家提供的小程序作为用药记录、提醒和指南支持工具？满意度如何？最有帮助的功能是什么？,matrix,仅B9使用过3/4/5时询问；B16b仅满意度>5时填写。
B16,673100701,138,34,男,山东省,城镇,大学本科,24.84,超重_24<BMI≤28,超重且有可识别合并症,关节运动系统,{},"{""A"":{""used_tool"":2,""satisfaction"":"""",""most_helpful_feature"":""""}}",,,B GLP-1药物选择与使用情况,是否借助厂家提供的小程序作为用药记录、提醒和指南支持工具？满意度如何？最有帮助的功能是什么？,matrix,仅B9使用过3/4/5时询问；B16b仅满意度>5时填写。
B16,450250102,151,52,男,广西壮族自治区,城镇,高中/中专/技校/职高,26.35,超重_24<BMI≤28,超重且有可识别合并症,关节运动系统,"{""A"":{""used_tool"":2,""satisfaction"":"""",""most_helpful_feature"":""""}}","{""A"":{""used_tool"":2,""satisfaction"":"""",""most_helpful_feature"":""""},""B"":{""used_tool"":2,""satisfaction"":"""",""most_helpful_feature"":""""},""C"":{""used_tool"":2,""satisfaction"":"""",""most_helpful_feature"":""""}}",,,B GLP-1药物选择与使用情况,是否借助厂家提供的小程序作为用药记录、提醒和指南支持工具？满意度如何？最有帮助的功能是什么？,matrix,仅B9使用过3/4/5时询问；B16b仅满意度>5时填写。
B16,411875101,187,47,男,河南省,城镇,大学本科,26.73,超重_24<BMI≤28,超重且有可识别合并症,高血压,"{""A"":{""used_tool"":2,""satisfaction"":"""",""most_helpful_feature"":""""}}","{""A"":{""used_tool"":2,""satisfaction"":"""",""most_helpful_feature"":""""},""B"":{""used_tool"":2,""satisfaction"":"""",""most_helpful_feature"":""""},""C"":{""used_tool"":2,""satisfaction"":"""",""most_helpful_feature"":""""}}",,,B GLP-1药物选择与使用情况,是否借助厂家提供的小程序作为用药记录、提醒和指南支持工具？满意度如何？最有帮助的功能是什么？,matrix,仅B9使用过3/4/5时询问；B16b仅满意度>5时填写。
B16,411313102,207,55,男,河南省,城镇,高中/中专/技校/职高,28.55,肥胖_BMI>28,肥胖且合并糖尿病,糖尿病,"{""A"":{""used_tool"":1,""satisfaction"":6,""most_helpful_feature"":""用药提醒和记录体重、血糖变化""}}","{""A"":{""used_tool"":2,""satisfaction"":null,""most_helpful_feature"":null},""B"":{""used_tool"":2,""satisfaction"":null,""most_helpful_feature"":null},""C"":{""used_tool"":2,""satisfaction"":null,""most_helpful_feature"":null}}",,,B GLP-1药物选择与使用情况,是否借助厂家提供的小程序作为用药记录、提醒和指南支持工具？满意度如何？最有帮助的功能是什么？,matrix,仅B9使用过3/4/5时询问；B16b仅满意度>5时填写。
B16,220322103,47,32,女,吉林省,城镇,大学本科,28.04,肥胖_BMI>28,肥胖未识别糖尿病,关节运动系统,{},"{""A"":{""used_tool"":1,""satisfaction"":6,""most_helpful_feature"":""打针提醒和记录体重变化的功能""},""B"":{""used_tool"":2,""satisfaction"":"""",""most_helpful_feature"":""""},""C"":{""used_tool"":2,""satisfaction"":"""",""most_helpful_feature"":""""}}",,,B GLP-1药物选择与使用情况,是否借助厂家提供的小程序作为用药记录、提醒和指南支持工具？满意度如何？最有帮助的功能是什么？,matrix,仅B9使用过3/4/5时询问；B16b仅满意度>5时填写。
B16,411244104,51,49,女,河南省,城镇,高中/中专/技校/职高,30.85,肥胖_BMI>28,肥胖未识别糖尿病,无可识别研究相关合并症,"{""A"":{""used_tool"":2,""satisfaction"":"""",""most_helpful_feature"":""""}}",{},,,B GLP-1药物选择与使用情况,是否借助厂家提供的小程序作为用药记录、提醒和指南支持工具？满意度如何？最有帮助的功能是什么？,matrix,仅B9使用过3/4/5时询问；B16b仅满意度>5时填写。
B16,310855102,86,61,女,上海市,城镇,高中/中专/技校/职高,33.3,肥胖_BMI>28,肥胖未识别糖尿病,无可识别研究相关合并症,{},"{""A"":{""used_tool"":2,""satisfaction"":"""",""most_helpful_feature"":""""}}",,,B GLP-1药物选择与使用情况,是否借助厂家提供的小程序作为用药记录、提醒和指南支持工具？满意度如何？最有帮助的功能是什么？,matrix,仅B9使用过3/4/5时询问；B16b仅满意度>5时填写。
B17,411879101,120,55,男,河南省,城镇,大学本科,24.22,超重_24<BMI≤28,超重且有可识别合并症,高血压,"{""3"":{""loss_kg"":5}}",,,,B GLP-1药物选择与使用情况,使用各GLP-1药物后，体重下降了多少kg？,matrix_numeric,仅S10包含13或A20包含2时询问；只出示B9使用过的药物。
B17,420493101,123,45,男,湖北省,城镇,大学本科,24.51,超重_24<BMI≤28,超重且有可识别合并症,高血压；心脑血管,"{""3"":{""loss_kg"":5}}","{""3"":{""loss_kg"":6}}",,,B GLP-1药物选择与使用情况,使用各GLP-1药物后，体重下降了多少kg？,matrix_numeric,仅S10包含13或A20包含2时询问；只出示B9使用过的药物。
B17,673100701,138,34,男,山东省,城镇,大学本科,24.84,超重_24<BMI≤28,超重且有可识别合并症,关节运动系统,{},"{""3"":{""loss_kg"":6}}",,,B GLP-1药物选择与使用情况,使用各GLP-1药物后，体重下降了多少kg？,matrix_numeric,仅S10包含13或A20包含2时询问；只出示B9使用过的药物。
B17,450250102,151,52,男,广西壮族自治区,城镇,高中/中专/技校/职高,26.35,超重_24<BMI≤28,超重且有可识别合并症,关节运动系统,"{""3"":{""loss_kg"":5}}","{""1"":{""loss_kg"":""""},""2"":{""loss_kg"":""""},""3"":{""loss_kg"":5},""4"":{""loss_kg"":""""},""5"":{""loss_kg"":""""},""6"":{""loss_kg"":""""}}",,,B GLP-1药物选择与使用情况,使用各GLP-1药物后，体重下降了多少kg？,matrix_numeric,仅S10包含13或A20包含2时询问；只出示B9使用过的药物。
B17,411875101,187,47,男,河南省,城镇,大学本科,26.73,超重_24<BMI≤28,超重且有可识别合并症,高血压,"{""3"":{""loss_kg"":6}}","{""1"":{""loss_kg"":""""},""2"":{""loss_kg"":""""},""3"":{""loss_kg"":6},""4"":{""loss_kg"":""""},""5"":{""loss_kg"":""""},""6"":{""loss_kg"":""""}}",,,B GLP-1药物选择与使用情况,使用各GLP-1药物后，体重下降了多少kg？,matrix_numeric,仅S10包含13或A20包含2时询问；只出示B9使用过的药物。
B17,411313102,207,55,男,河南省,城镇,高中/中专/技校/职高,28.55,肥胖_BMI>28,肥胖且合并糖尿病,糖尿病,"{""3"":{""loss_kg"":6}}","{""1"":{""loss_kg"":0},""2"":{""loss_kg"":0},""3"":{""loss_kg"":6},""4"":{""loss_kg"":0},""5"":{""loss_kg"":0},""6"":{""loss_kg"":0}}",,,B GLP-1药物选择与使用情况,使用各GLP-1药物后，体重下降了多少kg？,matrix_numeric,仅S10包含13或A20包含2时询问；只出示B9使用过的药物。
B17,220322103,47,32,女,吉林省,城镇,大学本科,28.04,肥胖_BMI>28,肥胖未识别糖尿病,关节运动系统,{},"{""3"":{""loss_kg"":6}}",,,B GLP-1药物选择与使用情况,使用各GLP-1药物后，体重下降了多少kg？,matrix_numeric,仅S10包含13或A20包含2时询问；只出示B9使用过的药物。
B17,411244104,51,49,女,河南省,城镇,高中/中专/技校/职高,30.85,肥胖_BMI>28,肥胖未识别糖尿病,无可识别研究相关合并症,"{""3"":{""loss_kg"":7}}",{},,,B GLP-1药物选择与使用情况,使用各GLP-1药物后，体重下降了多少kg？,matrix_numeric,仅S10包含13或A20包含2时询问；只出示B9使用过的药物。
B17,310855102,86,61,女,上海市,城镇,高中/中专/技校/职高,33.3,肥胖_BMI>28,肥胖未识别糖尿病,无可识别研究相关合并症,{},"{""3"":{""loss_kg"":6}}",,,B GLP-1药物选择与使用情况,使用各GLP-1药物后，体重下降了多少kg？,matrix_numeric,仅S10包含13或A20包含2时询问；只出示B9使用过的药物。
B18,411879101,120,55,男,河南省,城镇,大学本科,24.22,超重_24<BMI≤28,超重且有可识别合并症,高血压,"{""3"":{""rebounded"":2,""rebound_kg"":""""}}",,,,B GLP-1药物选择与使用情况,停止使用各GLP-1药物后，是否经历体重反弹？若经历，反弹多少kg？,matrix_numeric,仅B9中有目前已停用药物时询问。
B18,420493101,123,45,男,湖北省,城镇,大学本科,24.51,超重_24<BMI≤28,超重且有可识别合并症,高血压；心脑血管,,"{""3"":{""rebounded"":1,""rebound_kg"":2}}",,,B GLP-1药物选择与使用情况,停止使用各GLP-1药物后，是否经历体重反弹？若经历，反弹多少kg？,matrix_numeric,仅B9中有目前已停用药物时询问。
B18,673100701,138,34,男,山东省,城镇,大学本科,24.84,超重_24<BMI≤28,超重且有可识别合并症,关节运动系统,{},"{""3"":{""rebounded"":1,""rebound_kg"":3}}",,,B GLP-1药物选择与使用情况,停止使用各GLP-1药物后，是否经历体重反弹？若经历，反弹多少kg？,matrix_numeric,仅B9中有目前已停用药物时询问。
B18,211769103,150,32,男,黑龙江省,城镇,大学本科,27.13,超重_24<BMI≤28,超重且有可识别合并症,肝病或MASH线索,"{""3"":{""rebounded"":1,""rebound_kg"":2}}","{""3"":{""rebounded"":1,""rebound_kg"":3}}",,,B GLP-1药物选择与使用情况,停止使用各GLP-1药物后，是否经历体重反弹？若经历，反弹多少kg？,matrix_numeric,仅B9中有目前已停用药物时询问。
B18,450250102,151,52,男,广西壮族自治区,城镇,高中/中专/技校/职高,26.35,超重_24<BMI≤28,超重且有可识别合并症,关节运动系统,,"{""3"":{""rebounded"":1,""rebound_kg"":2}}",,,B GLP-1药物选择与使用情况,停止使用各GLP-1药物后，是否经历体重反弹？若经历，反弹多少kg？,matrix_numeric,仅B9中有目前已停用药物时询问。
B18,411875101,187,47,男,河南省,城镇,大学本科,26.73,超重_24<BMI≤28,超重且有可识别合并症,高血压,"{""3"":{""rebounded"":1,""rebound_kg"":2}}","{""3"":{""rebounded"":1,""rebound_kg"":3}}",,,B GLP-1药物选择与使用情况,停止使用各GLP-1药物后，是否经历体重反弹？若经历，反弹多少kg？,matrix_numeric,仅B9中有目前已停用药物时询问。
B18,220322103,47,32,女,吉林省,城镇,大学本科,28.04,肥胖_BMI>28,肥胖未识别糖尿病,关节运动系统,{},,,,B GLP-1药物选择与使用情况,停止使用各GLP-1药物后，是否经历体重反弹？若经历，反弹多少kg？,matrix_numeric,仅B9中有目前已停用药物时询问。
B18,411244104,51,49,女,河南省,城镇,高中/中专/技校/职高,30.85,肥胖_BMI>28,肥胖未识别糖尿病,无可识别研究相关合并症,"{""3"":{""rebounded"":1,""rebound_kg"":3}}",{},,,B GLP-1药物选择与使用情况,停止使用各GLP-1药物后，是否经历体重反弹？若经历，反弹多少kg？,matrix_numeric,仅B9中有目前已停用药物时询问。
B18,310855102,86,61,女,上海市,城镇,高中/中专/技校/职高,33.3,肥胖_BMI>28,肥胖未识别糖尿病,无可识别研究相关合并症,{},"{""3"":{""rebounded"":1,""rebound_kg"":3}}",,,B GLP-1药物选择与使用情况,停止使用各GLP-1药物后，是否经历体重反弹？若经历，反弹多少kg？,matrix_numeric,仅B9中有目前已停用药物时询问。
B19,411879101,120,55,男,河南省,城镇,大学本科,24.22,超重_24<BMI≤28,超重且有可识别合并症,高血压,"{""A"":{""0"":6,""1"":6,""2"":6,""3"":5,""4"":6,""5"":5,""6"":7,""7"":6,""8"":5,""9"":6,""10"":5,""11"":5,""12"":5,""13"":6,""14"":5,""15"":7,""16"":7,""17"":3,""18"":5,""19"":4,""20"":3}}",,,,B GLP-1药物选择与使用情况,结合实际使用体验，对使用过的GLP-1药物在各维度表现的满意度打分。,matrix_rating_1_7,仅B9使用过3/4/5/6时询问；只出示已使用药物。
B19,420493101,123,45,男,湖北省,城镇,大学本科,24.51,超重_24<BMI≤28,超重且有可识别合并症,高血压；心脑血管,"{""A"":{""0"":6,""1"":6,""2"":6,""3"":5,""4"":4,""5"":5,""6"":6,""7"":5,""8"":5,""9"":6,""10"":5,""11"":5,""12"":5,""13"":6,""14"":5,""15"":6,""16"":6,""17"":4,""18"":5,""19"":4,""20"":3}}","{""A"":{""0"":6,""1"":6,""2"":7,""3"":5,""4"":3,""5"":5,""6"":6,""7"":5,""8"":4,""9"":6,""10"":5,""11"":4,""12"":5,""13"":6,""14"":5,""15"":6,""16"":7,""17"":3,""18"":5,""19"":4,""20"":3}}",,,B GLP-1药物选择与使用情况,结合实际使用体验，对使用过的GLP-1药物在各维度表现的满意度打分。,matrix_rating_1_7,仅B9使用过3/4/5/6时询问；只出示已使用药物。
B19,673100701,138,34,男,山东省,城镇,大学本科,24.84,超重_24<BMI≤28,超重且有可识别合并症,关节运动系统,{},"{""A"":{""0"":5,""1"":5,""2"":6,""3"":4,""4"":3,""5"":4,""6"":4,""7"":4,""8"":4,""9"":5,""10"":5,""11"":4,""12"":4,""13"":5,""14"":5,""15"":6,""16"":6,""17"":4,""18"":5,""19"":4,""20"":3}}",,,B GLP-1药物选择与使用情况,结合实际使用体验，对使用过的GLP-1药物在各维度表现的满意度打分。,matrix_rating_1_7,仅B9使用过3/4/5/6时询问；只出示已使用药物。
B19,211769103,150,32,男,黑龙江省,城镇,大学本科,27.13,超重_24<BMI≤28,超重且有可识别合并症,肝病或MASH线索,"{""A"":{""0"":5,""1"":5,""2"":6,""3"":4,""4"":3,""5"":5,""6"":5,""7"":5,""8"":4,""9"":5,""10"":5,""11"":4,""12"":4,""13"":6,""14"":5,""15"":6,""16"":6,""17"":3,""18"":5,""19"":4,""20"":3}}","{""A"":{""0"":5,""1"":5,""2"":6,""3"":4,""4"":3,""5"":5,""6"":6,""7"":5,""8"":4,""9"":5,""10"":5,""11"":4,""12"":4,""13"":5,""14"":5,""15"":6,""16"":6,""17"":4,""18"":5,""19"":4,""20"":3}}",,,B GLP-1药物选择与使用情况,结合实际使用体验，对使用过的GLP-1药物在各维度表现的满意度打分。,matrix_rating_1_7,仅B9使用过3/4/5/6时询问；只出示已使用药物。
B19,450250102,151,52,男,广西壮族自治区,城镇,高中/中专/技校/职高,26.35,超重_24<BMI≤28,超重且有可识别合并症,关节运动系统,"{""A"":{""0"":6,""1"":6,""2"":6,""3"":5,""4"":5,""5"":5,""6"":5,""7"":5,""8"":5,""9"":6,""10"":5,""11"":5,""12"":5,""13"":6,""14"":5,""15"":6,""16"":6,""17"":4,""18"":5,""19"":4,""20"":3}}","{""A"":{""0"":6,""1"":6,""2"":6,""3"":5,""4"":4,""5"":5,""6"":5,""7"":5,""8"":4,""9"":5,""10"":5,""11"":5,""12"":5,""13"":5,""14"":5,""15"":6,""16"":6,""17"":4,""18"":5,""19"":4,""20"":3}}",,,B GLP-1药物选择与使用情况,结合实际使用体验，对使用过的GLP-1药物在各维度表现的满意度打分。,matrix_rating_1_7,仅B9使用过3/4/5/6时询问；只出示已使用药物。
B19,411875101,187,47,男,河南省,城镇,大学本科,26.73,超重_24<BMI≤28,超重且有可识别合并症,高血压,"{""A"":{""0"":5,""1"":5,""2"":6,""3"":4,""4"":3,""5"":5,""6"":6,""7"":5,""8"":4,""9"":5,""10"":5,""11"":4,""12"":4,""13"":6,""14"":5,""15"":6,""16"":6,""17"":4,""18"":5,""19"":4,""20"":3}}","{""A"":{""0"":5,""1"":5,""2"":6,""3"":4,""4"":3,""5"":5,""6"":6,""7"":5,""8"":4,""9"":5,""10"":5,""11"":4,""12"":4,""13"":6,""14"":5,""15"":6,""16"":6,""17"":3,""18"":5,""19"":4,""20"":3}}",,,B GLP-1药物选择与使用情况,结合实际使用体验，对使用过的GLP-1药物在各维度表现的满意度打分。,matrix_rating_1_7,仅B9使用过3/4/5/6时询问；只出示已使用药物。
B19,411313102,207,55,男,河南省,城镇,高中/中专/技校/职高,28.55,肥胖_BMI>28,肥胖且合并糖尿病,糖尿病,"{""A"":{""0"":6,""1"":6,""2"":7,""3"":5,""4"":5,""5"":6,""6"":7,""7"":6,""8"":5,""9"":6,""10"":6,""11"":4,""12"":5,""13"":6,""14"":5,""15"":6,""16"":7,""17"":4,""18"":5,""19"":4,""20"":5}}","{""A"":{""0"":6,""1"":6,""2"":7,""3"":5,""4"":5,""5"":6,""6"":7,""7"":6,""8"":5,""9"":6,""10"":5,""11"":5,""12"":6,""13"":6,""14"":5,""15"":6,""16"":7,""17"":4,""18"":5,""19"":4,""20"":5}}",,,B GLP-1药物选择与使用情况,结合实际使用体验，对使用过的GLP-1药物在各维度表现的满意度打分。,matrix_rating_1_7,仅B9使用过3/4/5/6时询问；只出示已使用药物。
B19,220322103,47,32,女,吉林省,城镇,大学本科,28.04,肥胖_BMI>28,肥胖未识别糖尿病,关节运动系统,{},"{""A"":{""0"":6,""1"":6,""2"":6,""3"":5,""4"":4,""5"":5,""6"":5,""7"":5,""8"":4,""9"":6,""10"":6,""11"":4,""12"":5,""13"":5,""14"":5,""15"":6,""16"":6,""17"":4,""18"":5,""19"":4,""20"":3}}",,,B GLP-1药物选择与使用情况,结合实际使用体验，对使用过的GLP-1药物在各维度表现的满意度打分。,matrix_rating_1_7,仅B9使用过3/4/5/6时询问；只出示已使用药物。
B19,411244104,51,49,女,河南省,城镇,高中/中专/技校/职高,30.85,肥胖_BMI>28,肥胖未识别糖尿病,无可识别研究相关合并症,"{""A"":{""0"":5,""1"":5,""2"":6,""3"":4,""4"":3,""5"":5,""6"":5,""7"":5,""8"":4,""9"":5,""10"":5,""11"":4,""12"":4,""13"":5,""14"":5,""15"":6,""16"":6,""17"":4,""18"":5,""19"":4,""20"":3}}",{},,,B GLP-1药物选择与使用情况,结合实际使用体验，对使用过的GLP-1药物在各维度表现的满意度打分。,matrix_rating_1_7,仅B9使用过3/4/5/6时询问；只出示已使用药物。
B19,310855102,86,61,女,上海市,城镇,高中/中专/技校/职高,33.3,肥胖_BMI>28,肥胖未识别糖尿病,无可识别研究相关合并症,{},"{""A"":{""0"":5,""1"":5,""2"":6,""3"":4,""4"":3,""5"":5,""6"":4,""7"":4,""8"":4,""9"":5,""10"":5,""11"":4,""12"":4,""13"":5,""14"":5,""15"":6,""16"":6,""17"":4,""18"":5,""19"":4,""20"":3}}",,,B GLP-1药物选择与使用情况,结合实际使用体验，对使用过的GLP-1药物在各维度表现的满意度打分。,matrix_rating_1_7,仅B9使用过3/4/5/6时询问；只出示已使用药物。
B2,411879101,120,55,男,河南省,城镇,大学本科,24.22,超重_24<BMI≤28,超重且有可识别合并症,高血压,,[],,,B GLP-1药物选择与使用情况,知晓GLP-1可用于减重但未曾尝试的原因是什么？,multi,仅B1=1时询问。
B2,420493101,123,45,男,湖北省,城镇,大学本科,24.51,超重_24<BMI≤28,超重且有可识别合并症,高血压；心脑血管,,[],,,B GLP-1药物选择与使用情况,知晓GLP-1可用于减重但未曾尝试的原因是什么？,multi,仅B1=1时询问。
B2,673100701,138,34,男,山东省,城镇,大学本科,24.84,超重_24<BMI≤28,超重且有可识别合并症,关节运动系统,"[1,3,5,7]",[],,,B GLP-1药物选择与使用情况,知晓GLP-1可用于减重但未曾尝试的原因是什么？,multi,仅B1=1时询问。
B2,450250102,151,52,男,广西壮族自治区,城镇,高中/中专/技校/职高,26.35,超重_24<BMI≤28,超重且有可识别合并症,关节运动系统,,[],,,B GLP-1药物选择与使用情况,知晓GLP-1可用于减重但未曾尝试的原因是什么？,multi,仅B1=1时询问。
B2,220322103,47,32,女,吉林省,城镇,大学本科,28.04,肥胖_BMI>28,肥胖未识别糖尿病,关节运动系统,"[1,3,5,7,8]",[],,,B GLP-1药物选择与使用情况,知晓GLP-1可用于减重但未曾尝试的原因是什么？,multi,仅B1=1时询问。
B2,411244104,51,49,女,河南省,城镇,高中/中专/技校/职高,30.85,肥胖_BMI>28,肥胖未识别糖尿病,无可识别研究相关合并症,[],"[1,3,5,7,8]",,,B GLP-1药物选择与使用情况,知晓GLP-1可用于减重但未曾尝试的原因是什么？,multi,仅B1=1时询问。
B20,411879101,120,55,男,河南省,城镇,大学本科,24.22,超重_24<BMI≤28,超重且有可识别合并症,高血压,"{""A"":1}",,,,B GLP-1药物购买渠道,初次购买各GLP-1药物的渠道分别是什么？,matrix_single,仅B9使用过3/4/5/6时询问；只出示已使用药物。
B20,673100701,138,34,男,山东省,城镇,大学本科,24.84,超重_24<BMI≤28,超重且有可识别合并症,关节运动系统,{},"{""A"":2}",,,B GLP-1药物购买渠道,初次购买各GLP-1药物的渠道分别是什么？,matrix_single,仅B9使用过3/4/5/6时询问；只出示已使用药物。
B20,220322103,47,32,女,吉林省,城镇,大学本科,28.04,肥胖_BMI>28,肥胖未识别糖尿病,关节运动系统,{},"{""A"":1}",,,B GLP-1药物购买渠道,初次购买各GLP-1药物的渠道分别是什么？,matrix_single,仅B9使用过3/4/5/6时询问；只出示已使用药物。
B20,411244104,51,49,女,河南省,城镇,高中/中专/技校/职高,30.85,肥胖_BMI>28,肥胖未识别糖尿病,无可识别研究相关合并症,"{""A"":1}",{},,,B GLP-1药物购买渠道,初次购买各GLP-1药物的渠道分别是什么？,matrix_single,仅B9使用过3/4/5/6时询问；只出示已使用药物。
B20,310855102,86,61,女,上海市,城镇,高中/中专/技校/职高,33.3,肥胖_BMI>28,肥胖未识别糖尿病,无可识别研究相关合并症,{},"{""A"":1}",,,B GLP-1药物购买渠道,初次购买各GLP-1药物的渠道分别是什么？,matrix_single,仅B9使用过3/4/5/6时询问；只出示已使用药物。
B20a,411879101,120,55,男,河南省,城镇,大学本科,24.22,超重_24<BMI≤28,超重且有可识别合并症,高血压,{},,,,B GLP-1药物购买渠道,初次通过电商购买GLP-1时，电商平台分别是什么？,matrix_single,仅出示B20=2（电商）的药物。
B20a,420493101,123,45,男,湖北省,城镇,大学本科,24.51,超重_24<BMI≤28,超重且有可识别合并症,高血压；心脑血管,,{},,,B GLP-1药物购买渠道,初次通过电商购买GLP-1时，电商平台分别是什么？,matrix_single,仅出示B20=2（电商）的药物。
B20a,673100701,138,34,男,山东省,城镇,大学本科,24.84,超重_24<BMI≤28,超重且有可识别合并症,关节运动系统,{},"{""A"":4}",,,B GLP-1药物购买渠道,初次通过电商购买GLP-1时，电商平台分别是什么？,matrix_single,仅出示B20=2（电商）的药物。
B20a,450250102,151,52,男,广西壮族自治区,城镇,高中/中专/技校/职高,26.35,超重_24<BMI≤28,超重且有可识别合并症,关节运动系统,,{},,,B GLP-1药物购买渠道,初次通过电商购买GLP-1时，电商平台分别是什么？,matrix_single,仅出示B20=2（电商）的药物。
B20a,220322103,47,32,女,吉林省,城镇,大学本科,28.04,肥胖_BMI>28,肥胖未识别糖尿病,关节运动系统,{},,,,B GLP-1药物购买渠道,初次通过电商购买GLP-1时，电商平台分别是什么？,matrix_single,仅出示B20=2（电商）的药物。
B21,411879101,120,55,男,河南省,城镇,大学本科,24.22,超重_24<BMI≤28,超重且有可识别合并症,高血压,{},,,,B GLP-1药物购买渠道,在电商平台初次购买GLP-1前，对自身健康情况做了哪些评估？,matrix_multi,仅出示B20=2（电商）的药物。
B21,420493101,123,45,男,湖北省,城镇,大学本科,24.51,超重_24<BMI≤28,超重且有可识别合并症,高血压；心脑血管,,{},,,B GLP-1药物购买渠道,在电商平台初次购买GLP-1前，对自身健康情况做了哪些评估？,matrix_multi,仅出示B20=2（电商）的药物。
B21,673100701,138,34,男,山东省,城镇,大学本科,24.84,超重_24<BMI≤28,超重且有可识别合并症,关节运动系统,{},"{""A"":[1,2,3,4,5,6,7]}",,,B GLP-1药物购买渠道,在电商平台初次购买GLP-1前，对自身健康情况做了哪些评估？,matrix_multi,仅出示B20=2（电商）的药物。
B21,450250102,151,52,男,广西壮族自治区,城镇,高中/中专/技校/职高,26.35,超重_24<BMI≤28,超重且有可识别合并症,关节运动系统,,{},,,B GLP-1药物购买渠道,在电商平台初次购买GLP-1前，对自身健康情况做了哪些评估？,matrix_multi,仅出示B20=2（电商）的药物。
B21,220322103,47,32,女,吉林省,城镇,大学本科,28.04,肥胖_BMI>28,肥胖未识别糖尿病,关节运动系统,{},,,,B GLP-1药物购买渠道,在电商平台初次购买GLP-1前，对自身健康情况做了哪些评估？,matrix_multi,仅出示B20=2（电商）的药物。
B22,411879101,120,55,男,河南省,城镇,大学本科,24.22,超重_24<BMI≤28,超重且有可识别合并症,高血压,{},,,,B GLP-1药物购买渠道,在电商平台初次购买GLP-1时，处方由谁开具？,matrix_single,仅出示B20=2（电商）的药物。
B22,420493101,123,45,男,湖北省,城镇,大学本科,24.51,超重_24<BMI≤28,超重且有可识别合并症,高血压；心脑血管,,{},,,B GLP-1药物购买渠道,在电商平台初次购买GLP-1时，处方由谁开具？,matrix_single,仅出示B20=2（电商）的药物。
B22,673100701,138,34,男,山东省,城镇,大学本科,24.84,超重_24<BMI≤28,超重且有可识别合并症,关节运动系统,{},"{""A"":2}",,,B GLP-1药物购买渠道,在电商平台初次购买GLP-1时，处方由谁开具？,matrix_single,仅出示B20=2（电商）的药物。
B22,450250102,151,52,男,广西壮族自治区,城镇,高中/中专/技校/职高,26.35,超重_24<BMI≤28,超重且有可识别合并症,关节运动系统,,{},,,B GLP-1药物购买渠道,在电商平台初次购买GLP-1时，处方由谁开具？,matrix_single,仅出示B20=2（电商）的药物。
B22,220322103,47,32,女,吉林省,城镇,大学本科,28.04,肥胖_BMI>28,肥胖未识别糖尿病,关节运动系统,{},,,,B GLP-1药物购买渠道,在电商平台初次购买GLP-1时，处方由谁开具？,matrix_single,仅出示B20=2（电商）的药物。
B23,411879101,120,55,男,河南省,城镇,大学本科,24.22,超重_24<BMI≤28,超重且有可识别合并症,高血压,"{""A"":[1]}",,,,B GLP-1药物购买渠道,后续续药各GLP-1药物的渠道有哪些？,matrix_multi,仅B9使用过3/4/5/6时询问；只出示已使用药物。
B23,673100701,138,34,男,山东省,城镇,大学本科,24.84,超重_24<BMI≤28,超重且有可识别合并症,关节运动系统,{},"{""A"":[2]}",,,B GLP-1药物购买渠道,后续续药各GLP-1药物的渠道有哪些？,matrix_multi,仅B9使用过3/4/5/6时询问；只出示已使用药物。
B23,220322103,47,32,女,吉林省,城镇,大学本科,28.04,肥胖_BMI>28,肥胖未识别糖尿病,关节运动系统,{},"{""A"":[1]}",,,B GLP-1药物购买渠道,后续续药各GLP-1药物的渠道有哪些？,matrix_multi,仅B9使用过3/4/5/6时询问；只出示已使用药物。
B23,411244104,51,49,女,河南省,城镇,高中/中专/技校/职高,30.85,肥胖_BMI>28,肥胖未识别糖尿病,无可识别研究相关合并症,"{""A"":[1]}",{},,,B GLP-1药物购买渠道,后续续药各GLP-1药物的渠道有哪些？,matrix_multi,仅B9使用过3/4/5/6时询问；只出示已使用药物。
B23,310855102,86,61,女,上海市,城镇,高中/中专/技校/职高,33.3,肥胖_BMI>28,肥胖未识别糖尿病,无可识别研究相关合并症,{},"{""A"":[1]}",,,B GLP-1药物购买渠道,后续续药各GLP-1药物的渠道有哪些？,matrix_multi,仅B9使用过3/4/5/6时询问；只出示已使用药物。
B23a,411879101,120,55,男,河南省,城镇,大学本科,24.22,超重_24<BMI≤28,超重且有可识别合并症,高血压,{},,,,B GLP-1药物购买渠道,后续通过电商续药GLP-1时，电商平台有哪些？,matrix_multi,仅出示B23包含2（电商）的药物。
B23a,420493101,123,45,男,湖北省,城镇,大学本科,24.51,超重_24<BMI≤28,超重且有可识别合并症,高血压；心脑血管,"{""A"":[4,6]}","{""A"":[4,5]}",,,B GLP-1药物购买渠道,后续通过电商续药GLP-1时，电商平台有哪些？,matrix_multi,仅出示B23包含2（电商）的药物。
B23a,673100701,138,34,男,山东省,城镇,大学本科,24.84,超重_24<BMI≤28,超重且有可识别合并症,关节运动系统,{},"{""A"":[4,5]}",,,B GLP-1药物购买渠道,后续通过电商续药GLP-1时，电商平台有哪些？,matrix_multi,仅出示B23包含2（电商）的药物。
B23a,450250102,151,52,男,广西壮族自治区,城镇,高中/中专/技校/职高,26.35,超重_24<BMI≤28,超重且有可识别合并症,关节运动系统,,{},,,B GLP-1药物购买渠道,后续通过电商续药GLP-1时，电商平台有哪些？,matrix_multi,仅出示B23包含2（电商）的药物。
B23a,220322103,47,32,女,吉林省,城镇,大学本科,28.04,肥胖_BMI>28,肥胖未识别糖尿病,关节运动系统,{},,,,B GLP-1药物购买渠道,后续通过电商续药GLP-1时，电商平台有哪些？,matrix_multi,仅出示B23包含2（电商）的药物。
B24,411879101,120,55,男,河南省,城镇,大学本科,24.22,超重_24<BMI≤28,超重且有可识别合并症,高血压,1,,,,B GLP-1停药患者序贯意愿测试,是否可以接受再次使用其他品牌GLP-1作为减重治疗方案？,single,仅B9所有使用过药物状态均为目前已停用时询问。
B24,420493101,123,45,男,湖北省,城镇,大学本科,24.51,超重_24<BMI≤28,超重且有可识别合并症,高血压；心脑血管,,1,,,B GLP-1停药患者序贯意愿测试,是否可以接受再次使用其他品牌GLP-1作为减重治疗方案？,single,仅B9所有使用过药物状态均为目前已停用时询问。
B24,673100701,138,34,男,山东省,城镇,大学本科,24.84,超重_24<BMI≤28,超重且有可识别合并症,关节运动系统,,1,,,B GLP-1停药患者序贯意愿测试,是否可以接受再次使用其他品牌GLP-1作为减重治疗方案？,single,仅B9所有使用过药物状态均为目前已停用时询问。
B24,450250102,151,52,男,广西壮族自治区,城镇,高中/中专/技校/职高,26.35,超重_24<BMI≤28,超重且有可识别合并症,关节运动系统,,1,,,B GLP-1停药患者序贯意愿测试,是否可以接受再次使用其他品牌GLP-1作为减重治疗方案？,single,仅B9所有使用过药物状态均为目前已停用时询问。
B24,411244104,51,49,女,河南省,城镇,高中/中专/技校/职高,30.85,肥胖_BMI>28,肥胖未识别糖尿病,无可识别研究相关合并症,1,,,,B GLP-1停药患者序贯意愿测试,是否可以接受再次使用其他品牌GLP-1作为减重治疗方案？,single,仅B9所有使用过药物状态均为目前已停用时询问。
B24,310855102,86,61,女,上海市,城镇,高中/中专/技校/职高,33.3,肥胖_BMI>28,肥胖未识别糖尿病,无可识别研究相关合并症,,1,,,B GLP-1停药患者序贯意愿测试,是否可以接受再次使用其他品牌GLP-1作为减重治疗方案？,single,仅B9所有使用过药物状态均为目前已停用时询问。
B24a,411879101,120,55,男,河南省,城镇,大学本科,24.22,超重_24<BMI≤28,超重且有可识别合并症,高血压,2,,,,B GLP-1停药患者序贯意愿测试,希望接受以下哪个未使用过的GLP-1作为减重治疗方案？,single,仅B24=1时询问；只出示B9未使用过的药物。
B24a,420493101,123,45,男,湖北省,城镇,大学本科,24.51,超重_24<BMI≤28,超重且有可识别合并症,高血压；心脑血管,,2,,,B GLP-1停药患者序贯意愿测试,希望接受以下哪个未使用过的GLP-1作为减重治疗方案？,single,仅B24=1时询问；只出示B9未使用过的药物。
B24a,673100701,138,34,男,山东省,城镇,大学本科,24.84,超重_24<BMI≤28,超重且有可识别合并症,关节运动系统,,2,,,B GLP-1停药患者序贯意愿测试,希望接受以下哪个未使用过的GLP-1作为减重治疗方案？,single,仅B24=1时询问；只出示B9未使用过的药物。
B24a,450250102,151,52,男,广西壮族自治区,城镇,高中/中专/技校/职高,26.35,超重_24<BMI≤28,超重且有可识别合并症,关节运动系统,,2,,,B GLP-1停药患者序贯意愿测试,希望接受以下哪个未使用过的GLP-1作为减重治疗方案？,single,仅B24=1时询问；只出示B9未使用过的药物。
B24a,411244104,51,49,女,河南省,城镇,高中/中专/技校/职高,30.85,肥胖_BMI>28,肥胖未识别糖尿病,无可识别研究相关合并症,2,,,,B GLP-1停药患者序贯意愿测试,希望接受以下哪个未使用过的GLP-1作为减重治疗方案？,single,仅B24=1时询问；只出示B9未使用过的药物。
B24a,310855102,86,61,女,上海市,城镇,高中/中专/技校/职高,33.3,肥胖_BMI>28,肥胖未识别糖尿病,无可识别研究相关合并症,,2,,,B GLP-1停药患者序贯意愿测试,希望接受以下哪个未使用过的GLP-1作为减重治疗方案？,single,仅B24=1时询问；只出示B9未使用过的药物。
B24b,411879101,120,55,男,河南省,城镇,大学本科,24.22,超重_24<BMI≤28,超重且有可识别合并症,高血压,"[1,5]",[],,,B GLP-1停药患者序贯意愿测试,更希望接受B24a所选GLP-1作为后续减重治疗方案的原因有哪些？,multi,仅B24a=1/2/3/4时询问。
B24b,420493101,123,45,男,湖北省,城镇,大学本科,24.51,超重_24<BMI≤28,超重且有可识别合并症,高血压；心脑血管,,"[1,5]",,,B GLP-1停药患者序贯意愿测试,更希望接受B24a所选GLP-1作为后续减重治疗方案的原因有哪些？,multi,仅B24a=1/2/3/4时询问。
B24b,673100701,138,34,男,山东省,城镇,大学本科,24.84,超重_24<BMI≤28,超重且有可识别合并症,关节运动系统,[],"[1,3,5]",,,B GLP-1停药患者序贯意愿测试,更希望接受B24a所选GLP-1作为后续减重治疗方案的原因有哪些？,multi,仅B24a=1/2/3/4时询问。
B24b,211769103,150,32,男,黑龙江省,城镇,大学本科,27.13,超重_24<BMI≤28,超重且有可识别合并症,肝病或MASH线索,"[1,5]","[1,3,5]",,,B GLP-1停药患者序贯意愿测试,更希望接受B24a所选GLP-1作为后续减重治疗方案的原因有哪些？,multi,仅B24a=1/2/3/4时询问。
B24b,450250102,151,52,男,广西壮族自治区,城镇,高中/中专/技校/职高,26.35,超重_24<BMI≤28,超重且有可识别合并症,关节运动系统,,"[1,5]",,,B GLP-1停药患者序贯意愿测试,更希望接受B24a所选GLP-1作为后续减重治疗方案的原因有哪些？,multi,仅B24a=1/2/3/4时询问。
B24b,411244104,51,49,女,河南省,城镇,高中/中专/技校/职高,30.85,肥胖_BMI>28,肥胖未识别糖尿病,无可识别研究相关合并症,"[1,5]",[],,,B GLP-1停药患者序贯意愿测试,更希望接受B24a所选GLP-1作为后续减重治疗方案的原因有哪些？,multi,仅B24a=1/2/3/4时询问。
B24b,310855102,86,61,女,上海市,城镇,高中/中专/技校/职高,33.3,肥胖_BMI>28,肥胖未识别糖尿病,无可识别研究相关合并症,[],"[1,5]",,,B GLP-1停药患者序贯意愿测试,更希望接受B24a所选GLP-1作为后续减重治疗方案的原因有哪些？,multi,仅B24a=1/2/3/4时询问。
B2a,673100701,138,34,男,山东省,城镇,大学本科,24.84,超重_24<BMI≤28,超重且有可识别合并症,关节运动系统,6,,,,B GLP-1药物选择与使用情况,您对未来尝试使用GLP-1药物用于减重的意愿如何？0分不会，10分一定会。,rating_0_10,
B2a,220322103,47,32,女,吉林省,城镇,大学本科,28.04,肥胖_BMI>28,肥胖未识别糖尿病,关节运动系统,6,,,,B GLP-1药物选择与使用情况,您对未来尝试使用GLP-1药物用于减重的意愿如何？0分不会，10分一定会。,rating_0_10,
B2a,411244104,51,49,女,河南省,城镇,高中/中专/技校/职高,30.85,肥胖_BMI>28,肥胖未识别糖尿病,无可识别研究相关合并症,,6,,,B GLP-1药物选择与使用情况,您对未来尝试使用GLP-1药物用于减重的意愿如何？0分不会，10分一定会。,rating_0_10,
B2a,310855102,86,61,女,上海市,城镇,高中/中专/技校/职高,33.3,肥胖_BMI>28,肥胖未识别糖尿病,无可识别研究相关合并症,3,,,,B GLP-1药物选择与使用情况,您对未来尝试使用GLP-1药物用于减重的意愿如何？0分不会，10分一定会。,rating_0_10,
B3,411879101,120,55,男,河南省,城镇,大学本科,24.22,超重_24<BMI≤28,超重且有可识别合并症,高血压,"{""1"":6,""2"":7,""3"":5,""4"":6,""5"":5,""6"":7,""7"":6,""8"":5,""9"":6,""10"":4,""11"":6,""12"":6,""13"":5,""14"":5,""15"":6,""16"":7,""17"":3,""18"":5,""19"":6,""20"":5}","{""1"":6,""2"":7,""3"":5,""4"":6,""5"":5,""6"":7,""7"":6,""8"":5,""9"":6,""10"":4,""11"":6,""12"":6,""13"":5,""14"":5,""15"":5,""16"":6,""17"":3,""18"":5,""19"":6,""20"":5}",,,B GLP-1药物选择与使用情况,选择GLP-1作为减重治疗药物时，以下考虑因素的重要程度分别如何？,matrix_rating_1_7,
B3,420493101,123,45,男,湖北省,城镇,大学本科,24.51,超重_24<BMI≤28,超重且有可识别合并症,高血压；心脑血管,"{""1"":6,""2"":7,""3"":5,""4"":6,""5"":5,""6"":7,""7"":6,""8"":5,""9"":6,""10"":5,""11"":6,""12"":6,""13"":6,""14"":5,""15"":6,""16"":6,""17"":4,""18"":5,""19"":5,""20"":4}","{""1"":6,""2"":7,""3"":5,""4"":6,""5"":5,""6"":7,""7"":6,""8"":5,""9"":6,""10"":4,""11"":6,""12"":6,""13"":5,""14"":5,""15"":6,""16"":7,""17"":3,""18"":6,""19"":5,""20"":4}",,,B GLP-1药物选择与使用情况,选择GLP-1作为减重治疗药物时，以下考虑因素的重要程度分别如何？,matrix_rating_1_7,
B3,211769103,150,32,男,黑龙江省,城镇,大学本科,27.13,超重_24<BMI≤28,超重且有可识别合并症,肝病或MASH线索,"{""1"":6,""2"":7,""3"":5,""4"":6,""5"":5,""6"":6,""7"":6,""8"":5,""9"":6,""10"":4,""11"":6,""12"":6,""13"":5,""14"":5,""15"":6,""16"":6,""17"":4,""18"":5,""19"":6,""20"":5}","{""1"":6,""2"":7,""3"":5,""4"":6,""5"":5,""6"":6,""7"":6,""8"":5,""9"":6,""10"":5,""11"":5,""12"":5,""13"":5,""14"":5,""15"":6,""16"":6,""17"":4,""18"":5,""19"":5,""20"":4}",,,B GLP-1药物选择与使用情况,选择GLP-1作为减重治疗药物时，以下考虑因素的重要程度分别如何？,matrix_rating_1_7,
B3,450250102,151,52,男,广西壮族自治区,城镇,高中/中专/技校/职高,26.35,超重_24<BMI≤28,超重且有可识别合并症,关节运动系统,"{""1"":6,""2"":7,""3"":5,""4"":6,""5"":5,""6"":6,""7"":6,""8"":5,""9"":6,""10"":5,""11"":6,""12"":6,""13"":5,""14"":5,""15"":6,""16"":6,""17"":4,""18"":5,""19"":6,""20"":5}","{""1"":6,""2"":7,""3"":5,""4"":6,""5"":5,""6"":6,""7"":6,""8"":4,""9"":6,""10"":5,""11"":6,""12"":6,""13"":5,""14"":5,""15"":5,""16"":6,""17"":4,""18"":5,""19"":5,""20"":4}",,,B GLP-1药物选择与使用情况,选择GLP-1作为减重治疗药物时，以下考虑因素的重要程度分别如何？,matrix_rating_1_7,
B3,411875101,187,47,男,河南省,城镇,大学本科,26.73,超重_24<BMI≤28,超重且有可识别合并症,高血压,"{""1"":6,""2"":7,""3"":5,""4"":6,""5"":5,""6"":7,""7"":6,""8"":5,""9"":6,""10"":5,""11"":6,""12"":6,""13"":5,""14"":5,""15"":6,""16"":6,""17"":4,""18"":5,""19"":5,""20"":4}","{""1"":6,""2"":7,""3"":5,""4"":6,""5"":5,""6"":7,""7"":6,""8"":5,""9"":6,""10"":4,""11"":7,""12"":7,""13"":6,""14"":5,""15"":6,""16"":6,""17"":3,""18"":5,""19"":6,""20"":5}",,,B GLP-1药物选择与使用情况,选择GLP-1作为减重治疗药物时，以下考虑因素的重要程度分别如何？,matrix_rating_1_7,
B3,411313102,207,55,男,河南省,城镇,高中/中专/技校/职高,28.55,肥胖_BMI>28,肥胖且合并糖尿病,糖尿病,"{""1"":6,""2"":7,""3"":6,""4"":6,""5"":5,""6"":7,""7"":6,""8"":5,""9"":6,""10"":5,""11"":5,""12"":6,""13"":6,""14"":5,""15"":6,""16"":7,""17"":4,""18"":5,""19"":5,""20"":6}","{""1"":6,""2"":7,""3"":6,""4"":6,""5"":5,""6"":7,""7"":6,""8"":5,""9"":6,""10"":5,""11"":5,""12"":6,""13"":5,""14"":5,""15"":5,""16"":7,""17"":4,""18"":5,""19"":5,""20"":6}",,,B GLP-1药物选择与使用情况,选择GLP-1作为减重治疗药物时，以下考虑因素的重要程度分别如何？,matrix_rating_1_7,
B3,220322103,47,32,女,吉林省,城镇,大学本科,28.04,肥胖_BMI>28,肥胖未识别糖尿病,关节运动系统,"{""1"":6,""2"":7,""3"":5,""4"":6,""5"":5,""6"":6,""7"":6,""8"":5,""9"":6,""10"":5,""11"":6,""12"":6,""13"":5,""14"":5,""15"":6,""16"":6,""17"":4,""18"":5,""19"":6,""20"":5}","{""1"":6,""2"":7,""3"":5,""4"":7,""5"":5,""6"":6,""7"":6,""8"":4,""9"":6,""10"":5,""11"":6,""12"":6,""13"":5,""14"":5,""15"":5,""16"":6,""17"":4,""18"":5,""19"":5,""20"":4}",,,B GLP-1药物选择与使用情况,选择GLP-1作为减重治疗药物时，以下考虑因素的重要程度分别如何？,matrix_rating_1_7,
B3,411244104,51,49,女,河南省,城镇,高中/中专/技校/职高,30.85,肥胖_BMI>28,肥胖未识别糖尿病,无可识别研究相关合并症,"{""1"":6,""2"":7,""3"":5,""4"":7,""5"":5,""6"":6,""7"":6,""8"":5,""9"":6,""10"":5,""11"":6,""12"":6,""13"":5,""14"":5,""15"":6,""16"":6,""17"":4,""18"":5,""19"":5,""20"":4}","{""1"":6,""2"":7,""3"":6,""4"":7,""5"":5,""6"":6,""7"":6,""8"":5,""9"":6,""10"":5,""11"":6,""12"":6,""13"":5,""14"":5,""15"":5,""16"":6,""17"":4,""18"":5,""19"":6,""20"":5}",,,B GLP-1药物选择与使用情况,选择GLP-1作为减重治疗药物时，以下考虑因素的重要程度分别如何？,matrix_rating_1_7,
B3,310855102,86,61,女,上海市,城镇,高中/中专/技校/职高,33.3,肥胖_BMI>28,肥胖未识别糖尿病,无可识别研究相关合并症,"{""1"":6,""2"":7,""3"":6,""4"":7,""5"":5,""6"":6,""7"":6,""8"":5,""9"":6,""10"":5,""11"":7,""12"":7,""13"":6,""14"":5,""15"":6,""16"":6,""17"":4,""18"":5,""19"":6,""20"":5}","{""1"":6,""2"":7,""3"":5,""4"":7,""5"":5,""6"":6,""7"":6,""8"":5,""9"":6,""10"":5,""11"":5,""12"":6,""13"":5,""14"":5,""15"":4,""16"":6,""17"":4,""18"":5,""19"":6,""20"":5}",,,B GLP-1药物选择与使用情况,选择GLP-1作为减重治疗药物时，以下考虑因素的重要程度分别如何？,matrix_rating_1_7,
B8,673100701,138,34,男,山东省,城镇,大学本科,24.84,超重_24<BMI≤28,超重且有可识别合并症,关节运动系统,[],"[2,5,7]",,,B GLP-1药物选择与使用情况,未曾因为体重问题到院就诊时，驱动您开启GLP-1药物治疗的主要因素有哪些？,multi,仅S10包含13且A9不包含1时询问。
B8,450250102,151,52,男,广西壮族自治区,城镇,高中/中专/技校/职高,26.35,超重_24<BMI≤28,超重且有可识别合并症,关节运动系统,,[],,,B GLP-1药物选择与使用情况,未曾因为体重问题到院就诊时，驱动您开启GLP-1药物治疗的主要因素有哪些？,multi,仅S10包含13且A9不包含1时询问。
B8,411313102,207,55,男,河南省,城镇,高中/中专/技校/职高,28.55,肥胖_BMI>28,肥胖且合并糖尿病,糖尿病,,[],,,B GLP-1药物选择与使用情况,未曾因为体重问题到院就诊时，驱动您开启GLP-1药物治疗的主要因素有哪些？,multi,仅S10包含13且A9不包含1时询问。
B8,220322103,47,32,女,吉林省,城镇,大学本科,28.04,肥胖_BMI>28,肥胖未识别糖尿病,关节运动系统,[],,,,B GLP-1药物选择与使用情况,未曾因为体重问题到院就诊时，驱动您开启GLP-1药物治疗的主要因素有哪些？,multi,仅S10包含13且A9不包含1时询问。
B9,411879101,120,55,男,河南省,城镇,大学本科,24.22,超重_24<BMI≤28,超重且有可识别合并症,高血压,"{""1"":{""used"":2,""status"":"""",""start_year_month"":""""},""2"":{""used"":2,""status"":"""",""start_year_month"":""""},""3"":{""used"":1,""status"":2,""start_year_month"":""2024-03""},""4"":{""used"":2,""status"":"""",""start_year_month"":""""},""5"":{""used"":2,""status"":"""",""start_year_month"":""""},""6"":{""used"":2,""status"":"""",""start_year_month"":""""}}","{""1"":{""used"":2,""status"":"""",""start_year_month"":""""},""2"":{""used"":2,""status"":"""",""start_year_month"":""""},""3"":{""used"":2,""status"":"""",""start_year_month"":""""},""4"":{""used"":2,""status"":"""",""start_year_month"":""""},""5"":{""used"":2,""status"":"""",""start_year_month"":""""},""6"":{""used"":2,""status"":"""",""start_year_month"":""""}}",,,B GLP-1药物选择与使用情况,请勾选既往使用过的GLP-1药物品牌，并填写当前使用状态和启用时间。,matrix,仅S10包含13或A20包含2时询问。
B9,420493101,123,45,男,湖北省,城镇,大学本科,24.51,超重_24<BMI≤28,超重且有可识别合并症,高血压；心脑血管,"{""1"":{""used"":2,""status"":"""",""start_year_month"":""""},""2"":{""used"":2,""status"":"""",""start_year_month"":""""},""3"":{""used"":1,""status"":1,""start_year_month"":""2024-01""},""4"":{""used"":2,""status"":"""",""start_year_month"":""""},""5"":{""used"":2,""status"":"""",""start_year_month"":""""},""6"":{""used"":2,""status"":"""",""start_year_month"":""""}}","{""1"":{""used"":2,""status"":"""",""start_year_month"":""""},""2"":{""used"":2,""status"":"""",""start_year_month"":""""},""3"":{""used"":1,""status"":2,""start_year_month"":""2023-03""},""4"":{""used"":2,""status"":"""",""start_year_month"":""""},""5"":{""used"":2,""status"":"""",""start_year_month"":""""},""6"":{""used"":2,""status"":"""",""start_year_month"":""""}}",,,B GLP-1药物选择与使用情况,请勾选既往使用过的GLP-1药物品牌，并填写当前使用状态和启用时间。,matrix,仅S10包含13或A20包含2时询问。
B9,673100701,138,34,男,山东省,城镇,大学本科,24.84,超重_24<BMI≤28,超重且有可识别合并症,关节运动系统,"{""1"":{""used"":2,""status"":"""",""start_year_month"":""""},""2"":{""used"":2,""status"":"""",""start_year_month"":""""},""3"":{""used"":2,""status"":"""",""start_year_month"":""""},""4"":{""used"":2,""status"":"""",""start_year_month"":""""},""5"":{""used"":2,""status"":"""",""start_year_month"":""""},""6"":{""used"":2,""status"":"""",""start_year_month"":""""}}","{""1"":{""used"":2,""status"":"""",""start_year_month"":""""},""2"":{""used"":2,""status"":"""",""start_year_month"":""""},""3"":{""used"":1,""status"":2,""start_year_month"":""2023-03""},""4"":{""used"":2,""status"":"""",""start_year_month"":""""},""5"":{""used"":2,""status"":"""",""start_year_month"":""""},""6"":{""used"":2,""status"":"""",""start_year_month"":""""}}",,,B GLP-1药物选择与使用情况,请勾选既往使用过的GLP-1药物品牌，并填写当前使用状态和启用时间。,matrix,仅S10包含13或A20包含2时询问。
B9,211769103,150,32,男,黑龙江省,城镇,大学本科,27.13,超重_24<BMI≤28,超重且有可识别合并症,肝病或MASH线索,"{""1"":{""used"":2,""status"":"""",""start_year_month"":""""},""2"":{""used"":2,""status"":"""",""start_year_month"":""""},""3"":{""used"":1,""status"":2,""start_year_month"":""2024-01""},""4"":{""used"":2,""status"":"""",""start_year_month"":""""},""5"":{""used"":2,""status"":"""",""start_year_month"":""""},""6"":{""used"":2,""status"":"""",""start_year_month"":""""}}","{""1"":{""used"":2,""status"":"""",""start_year_month"":""""},""2"":{""used"":2,""status"":"""",""start_year_month"":""""},""3"":{""used"":1,""status"":2,""start_year_month"":""2023-03""},""4"":{""used"":2,""status"":"""",""start_year_month"":""""},""5"":{""used"":2,""status"":"""",""start_year_month"":""""},""6"":{""used"":2,""status"":"""",""start_year_month"":""""}}",,,B GLP-1药物选择与使用情况,请勾选既往使用过的GLP-1药物品牌，并填写当前使用状态和启用时间。,matrix,仅S10包含13或A20包含2时询问。
B9,450250102,151,52,男,广西壮族自治区,城镇,高中/中专/技校/职高,26.35,超重_24<BMI≤28,超重且有可识别合并症,关节运动系统,"{""1"":{""used"":2,""status"":"""",""start_year_month"":""""},""2"":{""used"":2,""status"":"""",""start_year_month"":""""},""3"":{""used"":1,""status"":1,""start_year_month"":""2024-01""},""4"":{""used"":2,""status"":"""",""start_year_month"":""""},""5"":{""used"":2,""status"":"""",""start_year_month"":""""},""6"":{""used"":2,""status"":"""",""start_year_month"":""""}}","{""1"":{""used"":2,""status"":"""",""start_year_month"":""""},""2"":{""used"":2,""status"":"""",""start_year_month"":""""},""3"":{""used"":1,""status"":2,""start_year_month"":""2023-03""},""4"":{""used"":2,""status"":"""",""start_year_month"":""""},""5"":{""used"":2,""status"":"""",""start_year_month"":""""},""6"":{""used"":2,""status"":"""",""start_year_month"":""""}}",,,B GLP-1药物选择与使用情况,请勾选既往使用过的GLP-1药物品牌，并填写当前使用状态和启用时间。,matrix,仅S10包含13或A20包含2时询问。
B9,411875101,187,47,男,河南省,城镇,大学本科,26.73,超重_24<BMI≤28,超重且有可识别合并症,高血压,"{""1"":{""used"":2,""status"":"""",""start_year_month"":""""},""2"":{""used"":2,""status"":"""",""start_year_month"":""""},""3"":{""used"":1,""status"":2,""start_year_month"":""2023-03""},""4"":{""used"":2,""status"":"""",""start_year_month"":""""},""5"":{""used"":2,""status"":"""",""start_year_month"":""""},""6"":{""used"":2,""status"":"""",""start_year_month"":""""}}","{""1"":{""used"":2,""status"":"""",""start_year_month"":""""},""2"":{""used"":2,""status"":"""",""start_year_month"":""""},""3"":{""used"":1,""status"":2,""start_year_month"":""2023-06""},""4"":{""used"":2,""status"":"""",""start_year_month"":""""},""5"":{""used"":2,""status"":"""",""start_year_month"":""""},""6"":{""used"":2,""status"":"""",""start_year_month"":""""}}",,,B GLP-1药物选择与使用情况,请勾选既往使用过的GLP-1药物品牌，并填写当前使用状态和启用时间。,matrix,仅S10包含13或A20包含2时询问。
B9,220322103,47,32,女,吉林省,城镇,大学本科,28.04,肥胖_BMI>28,肥胖未识别糖尿病,关节运动系统,"{""1"":{""used"":2,""status"":"""",""start_year_month"":""""},""2"":{""used"":2,""status"":"""",""start_year_month"":""""},""3"":{""used"":2,""status"":"""",""start_year_month"":""""},""4"":{""used"":2,""status"":"""",""start_year_month"":""""},""5"":{""used"":2,""status"":"""",""start_year_month"":""""},""6"":{""used"":2,""status"":"""",""start_year_month"":""""}}","{""1"":{""used"":2,""status"":"""",""start_year_month"":""""},""2"":{""used"":2,""status"":"""",""start_year_month"":""""},""3"":{""used"":1,""status"":1,""start_year_month"":""2025-01""},""4"":{""used"":2,""status"":"""",""start_year_month"":""""},""5"":{""used"":2,""status"":"""",""start_year_month"":""""},""6"":{""used"":2,""status"":"""",""start_year_month"":""""}}",,,B GLP-1药物选择与使用情况,请勾选既往使用过的GLP-1药物品牌，并填写当前使用状态和启用时间。,matrix,仅S10包含13或A20包含2时询问。
B9,411244104,51,49,女,河南省,城镇,高中/中专/技校/职高,30.85,肥胖_BMI>28,肥胖未识别糖尿病,无可识别研究相关合并症,"{""1"":{""used"":2,""status"":"""",""start_year_month"":""""},""2"":{""used"":2,""status"":"""",""start_year_month"":""""},""3"":{""used"":1,""status"":2,""start_year_month"":""2023-03""},""4"":{""used"":2,""status"":"""",""start_year_month"":""""},""5"":{""used"":2,""status"":"""",""start_year_month"":""""},""6"":{""used"":2,""status"":"""",""start_year_month"":""""}}","{""1"":{""used"":2,""status"":"""",""start_year_month"":""""},""2"":{""used"":2,""status"":"""",""start_year_month"":""""},""3"":{""used"":2,""status"":"""",""start_year_month"":""""},""4"":{""used"":2,""status"":"""",""start_year_month"":""""},""5"":{""used"":2,""status"":"""",""start_year_month"":""""},""6"":{""used"":2,""status"":"""",""start_year_month"":""""}}",,,B GLP-1药物选择与使用情况,请勾选既往使用过的GLP-1药物品牌，并填写当前使用状态和启用时间。,matrix,仅S10包含13或A20包含2时询问。
B9,310855102,86,61,女,上海市,城镇,高中/中专/技校/职高,33.3,肥胖_BMI>28,肥胖未识别糖尿病,无可识别研究相关合并症,"{""1"":{""used"":2,""status"":"""",""start_year_month"":""""},""2"":{""used"":2,""status"":"""",""start_year_month"":""""},""3"":{""used"":2,""status"":"""",""start_year_month"":""""},""4"":{""used"":2,""status"":"""",""start_year_month"":""""},""5"":{""used"":2,""status"":"""",""start_year_month"":""""},""6"":{""used"":2,""status"":"""",""start_year_month"":""""}}","{""1"":{""used"":2,""status"":"""",""start_year_month"":""""},""2"":{""used"":2,""status"":"""",""start_year_month"":""""},""3"":{""used"":1,""status"":2,""start_year_month"":""2023-03""},""4"":{""used"":2,""status"":"""",""start_year_month"":""""},""5"":{""used"":2,""status"":"""",""start_year_month"":""""},""6"":{""used"":2,""status"":"""",""start_year_month"":""""}}",,,B GLP-1药物选择与使用情况,请勾选既往使用过的GLP-1药物品牌，并填写当前使用状态和启用时间。,matrix,仅S10包含13或A20包含2时询问。
C1,411879101,120,55,男,河南省,城镇,大学本科,24.22,超重_24<BMI≤28,超重且有可识别合并症,高血压,"{""X"":{""1"":5,""2"":5,""3"":5,""4"":6,""5"":3,""6"":5},""A"":{""1"":7,""2"":6,""3"":7,""4"":7,""5"":4,""6"":7},""B"":{""1"":6,""2"":6,""3"":5,""4"":6,""5"":4,""6"":6},""C"":{""1"":6,""2"":6,""3"":6,""4"":6,""5"":3,""6"":6}}","{""X"":{""1"":5,""2"":5,""3"":5,""4"":6,""5"":3,""6"":5},""A"":{""1"":6,""2"":5,""3"":6,""4"":6,""5"":4,""6"":6},""B"":{""1"":6,""2"":5,""3"":5,""4"":5,""5"":4,""6"":5},""C"":{""1"":5,""2"":5,""3"":5,""4"":5,""5"":3,""6"":5}}",,,C 新产品测试,阅读产品X、产品A、产品B、产品C信息后，对各药物在各维度上的表现满意度和总体满意度分别打分。,matrix_rating_1_7,
C1,420493101,123,45,男,湖北省,城镇,大学本科,24.51,超重_24<BMI≤28,超重且有可识别合并症,高血压；心脑血管,"{""X"":{""1"":5,""2"":5,""3"":5,""4"":6,""5"":3,""6"":5},""A"":{""1"":6,""2"":5,""3"":7,""4"":7,""5"":4,""6"":6},""B"":{""1"":6,""2"":6,""3"":5,""4"":6,""5"":4,""6"":6},""C"":{""1"":5,""2"":6,""3"":6,""4"":6,""5"":3,""6"":5}}","{""X"":{""1"":6,""2"":5,""3"":5,""4"":7,""5"":4,""6"":6},""A"":{""1"":7,""2"":5,""3"":7,""4"":7,""5"":4,""6"":7},""B"":{""1"":6,""2"":5,""3"":5,""4"":6,""5"":4,""6"":6},""C"":{""1"":6,""2"":5,""3"":6,""4"":6,""5"":3,""6"":6}}",,,C 新产品测试,阅读产品X、产品A、产品B、产品C信息后，对各药物在各维度上的表现满意度和总体满意度分别打分。,matrix_rating_1_7,
C1,673100701,138,34,男,山东省,城镇,大学本科,24.84,超重_24<BMI≤28,超重且有可识别合并症,关节运动系统,"{""X"":{""1"":5,""2"":5,""3"":5,""4"":5,""5"":3,""6"":5},""A"":{""1"":6,""2"":5,""3"":6,""4"":6,""5"":4,""6"":6},""B"":{""1"":5,""2"":5,""3"":5,""4"":5,""5"":4,""6"":5},""C"":{""1"":5,""2"":5,""3"":5,""4"":5,""5"":3,""6"":5}}","{""X"":{""1"":5,""2"":5,""3"":5,""4"":6,""5"":3,""6"":5},""A"":{""1"":6,""2"":5,""3"":7,""4"":6,""5"":4,""6"":6},""B"":{""1"":6,""2"":6,""3"":5,""4"":5,""5"":4,""6"":6},""C"":{""1"":6,""2"":5,""3"":6,""4"":5,""5"":3,""6"":5}}",,,C 新产品测试,阅读产品X、产品A、产品B、产品C信息后，对各药物在各维度上的表现满意度和总体满意度分别打分。,matrix_rating_1_7,
C1,211769103,150,32,男,黑龙江省,城镇,大学本科,27.13,超重_24<BMI≤28,超重且有可识别合并症,肝病或MASH线索,"{""X"":{""1"":5,""2"":5,""3"":5,""4"":5,""5"":3,""6"":5},""A"":{""1"":6,""2"":5,""3"":7,""4"":6,""5"":4,""6"":6},""B"":{""1"":6,""2"":5,""3"":5,""4"":5,""5"":4,""6"":5},""C"":{""1"":6,""2"":5,""3"":6,""4"":5,""5"":3,""6"":5}}","{""X"":{""1"":6,""2"":5,""3"":5,""4"":6,""5"":4,""6"":5},""A"":{""1"":6,""2"":5,""3"":6,""4"":6,""5"":4,""6"":6},""B"":{""1"":5,""2"":5,""3"":5,""4"":5,""5"":4,""6"":5},""C"":{""1"":6,""2"":5,""3"":5,""4"":5,""5"":3,""6"":5}}",,,C 新产品测试,阅读产品X、产品A、产品B、产品C信息后，对各药物在各维度上的表现满意度和总体满意度分别打分。,matrix_rating_1_7,
C1,450250102,151,52,男,广西壮族自治区,城镇,高中/中专/技校/职高,26.35,超重_24<BMI≤28,超重且有可识别合并症,关节运动系统,"{""X"":{""1"":5,""2"":5,""3"":5,""4"":5,""5"":4,""6"":5},""A"":{""1"":6,""2"":5,""3"":6,""4"":6,""5"":4,""6"":6},""B"":{""1"":6,""2"":6,""3"":5,""4"":5,""5"":5,""6"":5},""C"":{""1"":5,""2"":5,""3"":5,""4"":5,""5"":3,""6"":4}}","{""X"":{""1"":5,""2"":5,""3"":5,""4"":6,""5"":4,""6"":5},""A"":{""1"":6,""2"":5,""3"":6,""4"":6,""5"":4,""6"":6},""B"":{""1"":6,""2"":5,""3"":5,""4"":5,""5"":4,""6"":5},""C"":{""1"":6,""2"":5,""3"":5,""4"":5,""5"":3,""6"":5}}",,,C 新产品测试,阅读产品X、产品A、产品B、产品C信息后，对各药物在各维度上的表现满意度和总体满意度分别打分。,matrix_rating_1_7,
C1,411875101,187,47,男,河南省,城镇,大学本科,26.73,超重_24<BMI≤28,超重且有可识别合并症,高血压,"{""X"":{""1"":5,""2"":5,""3"":5,""4"":6,""5"":3,""6"":5},""A"":{""1"":6,""2"":5,""3"":7,""4"":7,""5"":4,""6"":7},""B"":{""1"":6,""2"":6,""3"":5,""4"":6,""5"":4,""6"":6},""C"":{""1"":5,""2"":6,""3"":6,""4"":6,""5"":3,""6"":6}}","{""X"":{""1"":5,""2"":5,""3"":5,""4"":6,""5"":3,""6"":5},""A"":{""1"":6,""2"":5,""3"":7,""4"":6,""5"":4,""6"":6},""B"":{""1"":6,""2"":6,""3"":5,""4"":5,""5"":4,""6"":6},""C"":{""1"":6,""2"":5,""3"":6,""4"":5,""5"":3,""6"":5}}",,,C 新产品测试,阅读产品X、产品A、产品B、产品C信息后，对各药物在各维度上的表现满意度和总体满意度分别打分。,matrix_rating_1_7,
C1,411313102,207,55,男,河南省,城镇,高中/中专/技校/职高,28.55,肥胖_BMI>28,肥胖且合并糖尿病,糖尿病,"{""X"":{""1"":5,""2"":5,""3"":5,""4"":5,""5"":3,""6"":5},""A"":{""1"":7,""2"":6,""3"":7,""4"":7,""5"":4,""6"":7},""B"":{""1"":6,""2"":6,""3"":5,""4"":6,""5"":4,""6"":6},""C"":{""1"":6,""2"":6,""3"":6,""4"":6,""5"":3,""6"":6}}","{""X"":{""1"":5,""2"":5,""3"":5,""4"":6,""5"":4,""6"":5},""A"":{""1"":7,""2"":5,""3"":7,""4"":7,""5"":4,""6"":7},""B"":{""1"":6,""2"":5,""3"":5,""4"":6,""5"":5,""6"":6},""C"":{""1"":6,""2"":5,""3"":6,""4"":6,""5"":4,""6"":6}}",,,C 新产品测试,阅读产品X、产品A、产品B、产品C信息后，对各药物在各维度上的表现满意度和总体满意度分别打分。,matrix_rating_1_7,
C1,220322103,47,32,女,吉林省,城镇,大学本科,28.04,肥胖_BMI>28,肥胖未识别糖尿病,关节运动系统,"{""X"":{""1"":5,""2"":5,""3"":5,""4"":5,""5"":3,""6"":5},""A"":{""1"":6,""2"":5,""3"":7,""4"":6,""5"":4,""6"":6},""B"":{""1"":6,""2"":5,""3"":5,""4"":5,""5"":4,""6"":5},""C"":{""1"":5,""2"":5,""3"":6,""4"":5,""5"":3,""6"":5}}","{""X"":{""1"":5,""2"":5,""3"":5,""4"":6,""5"":3,""6"":5},""A"":{""1"":6,""2"":5,""3"":7,""4"":6,""5"":4,""6"":6},""B"":{""1"":6,""2"":5,""3"":5,""4"":5,""5"":4,""6"":5},""C"":{""1"":6,""2"":5,""3"":6,""4"":5,""5"":3,""6"":5}}",,,C 新产品测试,阅读产品X、产品A、产品B、产品C信息后，对各药物在各维度上的表现满意度和总体满意度分别打分。,matrix_rating_1_7,
C1,411244104,51,49,女,河南省,城镇,高中/中专/技校/职高,30.85,肥胖_BMI>28,肥胖未识别糖尿病,无可识别研究相关合并症,"{""X"":{""1"":5,""2"":5,""3"":5,""4"":5,""5"":3,""6"":5},""A"":{""1"":6,""2"":5,""3"":7,""4"":6,""5"":4,""6"":6},""B"":{""1"":6,""2"":5,""3"":5,""4"":5,""5"":4,""6"":5},""C"":{""1"":5,""2"":5,""3"":6,""4"":5,""5"":3,""6"":5}}","{""X"":{""1"":5,""2"":5,""3"":5,""4"":6,""5"":4,""6"":5},""A"":{""1"":6,""2"":5,""3"":6,""4"":6,""5"":4,""6"":6},""B"":{""1"":5,""2"":5,""3"":5,""4"":5,""5"":5,""6"":5},""C"":{""1"":5,""2"":5,""3"":6,""4"":5,""5"":3,""6"":5}}",,,C 新产品测试,阅读产品X、产品A、产品B、产品C信息后，对各药物在各维度上的表现满意度和总体满意度分别打分。,matrix_rating_1_7,
C1,310855102,86,61,女,上海市,城镇,高中/中专/技校/职高,33.3,肥胖_BMI>28,肥胖未识别糖尿病,无可识别研究相关合并症,"{""X"":{""1"":5,""2"":5,""3"":5,""4"":5,""5"":3,""6"":5},""A"":{""1"":6,""2"":5,""3"":6,""4"":6,""5"":4,""6"":6},""B"":{""1"":6,""2"":6,""3"":5,""4"":5,""5"":4,""6"":5},""C"":{""1"":5,""2"":5,""3"":5,""4"":5,""5"":3,""6"":5}}","{""X"":{""1"":5,""2"":5,""3"":5,""4"":6,""5"":3,""6"":5},""A"":{""1"":6,""2"":5,""3"":6,""4"":6,""5"":4,""6"":6},""B"":{""1"":6,""2"":5,""3"":5,""4"":5,""5"":4,""6"":5},""C"":{""1"":6,""2"":5,""3"":6,""4"":6,""5"":3,""6"":6}}",,,C 新产品测试,阅读产品X、产品A、产品B、产品C信息后，对各药物在各维度上的表现满意度和总体满意度分别打分。,matrix_rating_1_7,
C2,411879101,120,55,男,河南省,城镇,大学本科,24.22,超重_24<BMI≤28,超重且有可识别合并症,高血压,7,6,,,C 新产品测试,阅读产品信息后，在不考虑价格的情况下，您对产品X的使用意愿如何？,rating_0_10,
C2,450250102,151,52,男,广西壮族自治区,城镇,高中/中专/技校/职高,26.35,超重_24<BMI≤28,超重且有可识别合并症,关节运动系统,7,6,,,C 新产品测试,阅读产品信息后，在不考虑价格的情况下，您对产品X的使用意愿如何？,rating_0_10,
C2,310855102,86,61,女,上海市,城镇,高中/中专/技校/职高,33.3,肥胖_BMI>28,肥胖未识别糖尿病,无可识别研究相关合并症,5,6,,,C 新产品测试,阅读产品信息后，在不考虑价格的情况下，您对产品X的使用意愿如何？,rating_0_10,
C4_C5,411879101,120,55,男,河南省,城镇,大学本科,24.22,超重_24<BMI≤28,超重且有可识别合并症,高血压,"{""1"":{""readability"":5,""memorability"":5},""2"":{""readability"":4,""memorability"":4},""3"":{""readability"":5,""memorability"":5},""4"":{""readability"":5,""memorability"":5},""5"":{""readability"":4,""memorability"":4},""6"":{""readability"":5,""memorability"":5}}","{""1"":{""readability"":5,""memorability"":5},""2"":{""readability"":4,""memorability"":4},""3"":{""readability"":4,""memorability"":4},""4"":{""readability"":5,""memorability"":5},""5"":{""readability"":3,""memorability"":3},""6"":{""readability"":4,""memorability"":4}}",,,C 商品名测试,对各GLP-1药物商品名的易读性和好记程度打分。,matrix_rating_1_7,
C4_C5,420493101,123,45,男,湖北省,城镇,大学本科,24.51,超重_24<BMI≤28,超重且有可识别合并症,高血压；心脑血管,"{""1"":{""readability"":5,""memorability"":5},""2"":{""readability"":6,""memorability"":6},""3"":{""readability"":6,""memorability"":5},""4"":{""readability"":5,""memorability"":4},""5"":{""readability"":4,""memorability"":4},""6"":{""readability"":5,""memorability"":5}}","{""1"":{""readability"":5,""memorability"":5},""2"":{""readability"":6,""memorability"":6},""3"":{""readability"":6,""memorability"":5},""4"":{""readability"":5,""memorability"":4},""5"":{""readability"":4,""memorability"":4},""6"":{""readability"":6,""memorability"":6}}",,,C 商品名测试,对各GLP-1药物商品名的易读性和好记程度打分。,matrix_rating_1_7,
C4_C5,673100701,138,34,男,山东省,城镇,大学本科,24.84,超重_24<BMI≤28,超重且有可识别合并症,关节运动系统,"{""1"":{""readability"":5,""memorability"":5},""2"":{""readability"":4,""memorability"":4},""3"":{""readability"":4,""memorability"":4},""4"":{""readability"":5,""memorability"":5},""5"":{""readability"":4,""memorability"":4},""6"":{""readability"":5,""memorability"":5}}","{""1"":{""readability"":5,""memorability"":5},""2"":{""readability"":4,""memorability"":4},""3"":{""readability"":5,""memorability"":5},""4"":{""readability"":5,""memorability"":4},""5"":{""readability"":4,""memorability"":4},""6"":{""readability"":5,""memorability"":5}}",,,C 商品名测试,对各GLP-1药物商品名的易读性和好记程度打分。,matrix_rating_1_7,
C4_C5,211769103,150,32,男,黑龙江省,城镇,大学本科,27.13,超重_24<BMI≤28,超重且有可识别合并症,肝病或MASH线索,"{""1"":{""readability"":5,""memorability"":5},""2"":{""readability"":6,""memorability"":6},""3"":{""readability"":6,""memorability"":5},""4"":{""readability"":5,""memorability"":4},""5"":{""readability"":4,""memorability"":4},""6"":{""readability"":5,""memorability"":5}}","{""1"":{""readability"":5,""memorability"":5},""2"":{""readability"":6,""memorability"":6},""3"":{""readability"":5,""memorability"":5},""4"":{""readability"":6,""memorability"":5},""5"":{""readability"":4,""memorability"":4},""6"":{""readability"":5,""memorability"":6}}",,,C 商品名测试,对各GLP-1药物商品名的易读性和好记程度打分。,matrix_rating_1_7,
C4_C5,450250102,151,52,男,广西壮族自治区,城镇,高中/中专/技校/职高,26.35,超重_24<BMI≤28,超重且有可识别合并症,关节运动系统,"{""1"":{""readability"":5,""memorability"":5},""2"":{""readability"":4,""memorability"":4},""3"":{""readability"":5,""memorability"":5},""4"":{""readability"":5,""memorability"":4},""5"":{""readability"":4,""memorability"":4},""6"":{""readability"":5,""memorability"":5}}","{""1"":{""readability"":5,""memorability"":5},""2"":{""readability"":4,""memorability"":4},""3"":{""readability"":4,""memorability"":4},""4"":{""readability"":5,""memorability"":5},""5"":{""readability"":4,""memorability"":4},""6"":{""readability"":5,""memorability"":5}}",,,C 商品名测试,对各GLP-1药物商品名的易读性和好记程度打分。,matrix_rating_1_7,
C4_C5,411875101,187,47,男,河南省,城镇,大学本科,26.73,超重_24<BMI≤28,超重且有可识别合并症,高血压,"{""1"":{""readability"":5,""memorability"":5},""2"":{""readability"":6,""memorability"":6},""3"":{""readability"":6,""memorability"":5},""4"":{""readability"":5,""memorability"":4},""5"":{""readability"":4,""memorability"":4},""6"":{""readability"":5,""memorability"":5}}","{""1"":{""readability"":5,""memorability"":5},""2"":{""readability"":4,""memorability"":4},""3"":{""readability"":5,""memorability"":6},""4"":{""readability"":5,""memorability"":5},""5"":{""readability"":4,""memorability"":4},""6"":{""readability"":5,""memorability"":5}}",,,C 商品名测试,对各GLP-1药物商品名的易读性和好记程度打分。,matrix_rating_1_7,
C4_C5,411313102,207,55,男,河南省,城镇,高中/中专/技校/职高,28.55,肥胖_BMI>28,肥胖且合并糖尿病,糖尿病,"{""1"":{""readability"":5,""memorability"":5},""2"":{""readability"":6,""memorability"":6},""3"":{""readability"":6,""memorability"":6},""4"":{""readability"":5,""memorability"":5},""5"":{""readability"":4,""memorability"":4},""6"":{""readability"":6,""memorability"":6}}","{""1"":{""readability"":5,""memorability"":5},""2"":{""readability"":4,""memorability"":4},""3"":{""readability"":4,""memorability"":4},""4"":{""readability"":5,""memorability"":5},""5"":{""readability"":4,""memorability"":4},""6"":{""readability"":5,""memorability"":5}}",,,C 商品名测试,对各GLP-1药物商品名的易读性和好记程度打分。,matrix_rating_1_7,
C4_C5,220322103,47,32,女,吉林省,城镇,大学本科,28.04,肥胖_BMI>28,肥胖未识别糖尿病,关节运动系统,"{""1"":{""readability"":5,""memorability"":5},""2"":{""readability"":6,""memorability"":6},""3"":{""readability"":6,""memorability"":5},""4"":{""readability"":5,""memorability"":4},""5"":{""readability"":4,""memorability"":4},""6"":{""readability"":5,""memorability"":5}}","{""1"":{""readability"":5,""memorability"":5},""2"":{""readability"":4,""memorability"":4},""3"":{""readability"":5,""memorability"":5},""4"":{""readability"":5,""memorability"":4},""5"":{""readability"":4,""memorability"":4},""6"":{""readability"":5,""memorability"":5}}",,,C 商品名测试,对各GLP-1药物商品名的易读性和好记程度打分。,matrix_rating_1_7,
C4_C5,310855102,86,61,女,上海市,城镇,高中/中专/技校/职高,33.3,肥胖_BMI>28,肥胖未识别糖尿病,无可识别研究相关合并症,"{""1"":{""readability"":5,""memorability"":5},""2"":{""readability"":4,""memorability"":4},""3"":{""readability"":4,""memorability"":4},""4"":{""readability"":5,""memorability"":5},""5"":{""readability"":3,""memorability"":3},""6"":{""readability"":5,""memorability"":5}}","{""1"":{""readability"":5,""memorability"":5},""2"":{""readability"":4,""memorability"":4},""3"":{""readability"":4,""memorability"":4},""4"":{""readability"":5,""memorability"":5},""5"":{""readability"":4,""memorability"":4},""6"":{""readability"":5,""memorability"":5}}",,,C 商品名测试,对各GLP-1药物商品名的易读性和好记程度打分。,matrix_rating_1_7,
C6,411879101,120,55,男,河南省,城镇,大学本科,24.22,超重_24<BMI≤28,超重且有可识别合并症,高血压,"{""1"":5,""2"":5,""3"":6,""4"":5,""5"":5,""6"":6}","{""1"":5,""2"":4,""3"":4,""4"":5,""5"":3,""6"":4}",,,C 商品名测试,评价各商品名与'重新定义代谢健康，从而改变患者的生活方式、遇见更好的未来'产品理念的相关程度。,matrix_rating_1_7,
C6,420493101,123,45,男,湖北省,城镇,大学本科,24.51,超重_24<BMI≤28,超重且有可识别合并症,高血压；心脑血管,"{""1"":5,""2"":6,""3"":5,""4"":5,""5"":4,""6"":5}","{""1"":5,""2"":6,""3"":5,""4"":5,""5"":4,""6"":6}",,,C 商品名测试,评价各商品名与'重新定义代谢健康，从而改变患者的生活方式、遇见更好的未来'产品理念的相关程度。,matrix_rating_1_7,
C6,673100701,138,34,男,山东省,城镇,大学本科,24.84,超重_24<BMI≤28,超重且有可识别合并症,关节运动系统,"{""1"":5,""2"":5,""3"":4,""4"":5,""5"":4,""6"":5}","{""1"":5,""2"":5,""3"":5,""4"":5,""5"":4,""6"":5}",,,C 商品名测试,评价各商品名与'重新定义代谢健康，从而改变患者的生活方式、遇见更好的未来'产品理念的相关程度。,matrix_rating_1_7,
C6,211769103,150,32,男,黑龙江省,城镇,大学本科,27.13,超重_24<BMI≤28,超重且有可识别合并症,肝病或MASH线索,"{""1"":5,""2"":6,""3"":5,""4"":5,""5"":4,""6"":5}","{""1"":5,""2"":6,""3"":5,""4"":5,""5"":4,""6"":6}",,,C 商品名测试,评价各商品名与'重新定义代谢健康，从而改变患者的生活方式、遇见更好的未来'产品理念的相关程度。,matrix_rating_1_7,
C6,450250102,151,52,男,广西壮族自治区,城镇,高中/中专/技校/职高,26.35,超重_24<BMI≤28,超重且有可识别合并症,关节运动系统,"{""1"":5,""2"":5,""3"":5,""4"":5,""5"":4,""6"":5}","{""1"":5,""2"":5,""3"":4,""4"":5,""5"":4,""6"":5}",,,C 商品名测试,评价各商品名与'重新定义代谢健康，从而改变患者的生活方式、遇见更好的未来'产品理念的相关程度。,matrix_rating_1_7,
C6,411875101,187,47,男,河南省,城镇,大学本科,26.73,超重_24<BMI≤28,超重且有可识别合并症,高血压,"{""1"":5,""2"":6,""3"":6,""4"":5,""5"":4,""6"":5}","{""1"":5,""2"":5,""3"":6,""4"":5,""5"":4,""6"":5}",,,C 商品名测试,评价各商品名与'重新定义代谢健康，从而改变患者的生活方式、遇见更好的未来'产品理念的相关程度。,matrix_rating_1_7,
C6,411313102,207,55,男,河南省,城镇,高中/中专/技校/职高,28.55,肥胖_BMI>28,肥胖且合并糖尿病,糖尿病,"{""1"":5,""2"":6,""3"":6,""4"":5,""5"":4,""6"":6}","{""1"":5,""2"":5,""3"":4,""4"":5,""5"":4,""6"":5}",,,C 商品名测试,评价各商品名与'重新定义代谢健康，从而改变患者的生活方式、遇见更好的未来'产品理念的相关程度。,matrix_rating_1_7,
C6,220322103,47,32,女,吉林省,城镇,大学本科,28.04,肥胖_BMI>28,肥胖未识别糖尿病,关节运动系统,"{""1"":5,""2"":6,""3"":5,""4"":5,""5"":4,""6"":5}","{""1"":5,""2"":5,""3"":5,""4"":5,""5"":4,""6"":5}",,,C 商品名测试,评价各商品名与'重新定义代谢健康，从而改变患者的生活方式、遇见更好的未来'产品理念的相关程度。,matrix_rating_1_7,
C6,411244104,51,49,女,河南省,城镇,高中/中专/技校/职高,30.85,肥胖_BMI>28,肥胖未识别糖尿病,无可识别研究相关合并症,"{""1"":5,""2"":5,""3"":4,""4"":5,""5"":4,""6"":5}","{""1"":5,""2"":5,""3"":5,""4"":5,""5"":4,""6"":5}",,,C 商品名测试,评价各商品名与'重新定义代谢健康，从而改变患者的生活方式、遇见更好的未来'产品理念的相关程度。,matrix_rating_1_7,
C7,411879101,120,55,男,河南省,城镇,大学本科,24.22,超重_24<BMI≤28,超重且有可识别合并症,高血压,"{""1"":5,""2"":5,""3"":6,""4"":5,""5"":5,""6"":6}","{""1"":5,""2"":4,""3"":4,""4"":5,""5"":3,""6"":4}",,,C 商品名测试,评价各商品名与'助力患者迈上通往健康的道路，自由前行'产品理念的相关程度。,matrix_rating_1_7,
C7,420493101,123,45,男,湖北省,城镇,大学本科,24.51,超重_24<BMI≤28,超重且有可识别合并症,高血压；心脑血管,"{""1"":5,""2"":6,""3"":5,""4"":5,""5"":4,""6"":5}","{""1"":5,""2"":6,""3"":5,""4"":5,""5"":4,""6"":6}",,,C 商品名测试,评价各商品名与'助力患者迈上通往健康的道路，自由前行'产品理念的相关程度。,matrix_rating_1_7,
C7,673100701,138,34,男,山东省,城镇,大学本科,24.84,超重_24<BMI≤28,超重且有可识别合并症,关节运动系统,"{""1"":5,""2"":5,""3"":4,""4"":5,""5"":4,""6"":5}","{""1"":5,""2"":5,""3"":5,""4"":5,""5"":4,""6"":5}",,,C 商品名测试,评价各商品名与'助力患者迈上通往健康的道路，自由前行'产品理念的相关程度。,matrix_rating_1_7,
C7,211769103,150,32,男,黑龙江省,城镇,大学本科,27.13,超重_24<BMI≤28,超重且有可识别合并症,肝病或MASH线索,"{""1"":5,""2"":6,""3"":5,""4"":5,""5"":4,""6"":5}","{""1"":5,""2"":6,""3"":5,""4"":5,""5"":4,""6"":6}",,,C 商品名测试,评价各商品名与'助力患者迈上通往健康的道路，自由前行'产品理念的相关程度。,matrix_rating_1_7,
C7,450250102,151,52,男,广西壮族自治区,城镇,高中/中专/技校/职高,26.35,超重_24<BMI≤28,超重且有可识别合并症,关节运动系统,"{""1"":5,""2"":5,""3"":5,""4"":5,""5"":4,""6"":5}","{""1"":5,""2"":5,""3"":4,""4"":5,""5"":4,""6"":5}",,,C 商品名测试,评价各商品名与'助力患者迈上通往健康的道路，自由前行'产品理念的相关程度。,matrix_rating_1_7,
C7,411875101,187,47,男,河南省,城镇,大学本科,26.73,超重_24<BMI≤28,超重且有可识别合并症,高血压,"{""1"":5,""2"":6,""3"":6,""4"":5,""5"":4,""6"":6}","{""1"":5,""2"":5,""3"":6,""4"":5,""5"":4,""6"":5}",,,C 商品名测试,评价各商品名与'助力患者迈上通往健康的道路，自由前行'产品理念的相关程度。,matrix_rating_1_7,
C7,411313102,207,55,男,河南省,城镇,高中/中专/技校/职高,28.55,肥胖_BMI>28,肥胖且合并糖尿病,糖尿病,"{""1"":5,""2"":6,""3"":6,""4"":5,""5"":4,""6"":6}","{""1"":5,""2"":5,""3"":4,""4"":5,""5"":4,""6"":5}",,,C 商品名测试,评价各商品名与'助力患者迈上通往健康的道路，自由前行'产品理念的相关程度。,matrix_rating_1_7,
C7,220322103,47,32,女,吉林省,城镇,大学本科,28.04,肥胖_BMI>28,肥胖未识别糖尿病,关节运动系统,"{""1"":5,""2"":6,""3"":5,""4"":5,""5"":4,""6"":5}","{""1"":5,""2"":5,""3"":5,""4"":5,""5"":4,""6"":5}",,,C 商品名测试,评价各商品名与'助力患者迈上通往健康的道路，自由前行'产品理念的相关程度。,matrix_rating_1_7,
C7,411244104,51,49,女,河南省,城镇,高中/中专/技校/职高,30.85,肥胖_BMI>28,肥胖未识别糖尿病,无可识别研究相关合并症,"{""1"":5,""2"":5,""3"":4,""4"":5,""5"":4,""6"":5}","{""1"":5,""2"":5,""3"":5,""4"":5,""5"":4,""6"":5}",,,C 商品名测试,评价各商品名与'助力患者迈上通往健康的道路，自由前行'产品理念的相关程度。,matrix_rating_1_7,
D3,411879101,120,55,男,河南省,城镇,大学本科,24.22,超重_24<BMI≤28,超重且有可识别合并症,高血压,"[2,4]",[2],,,D 受访者基本情况,请选择与您的工作性质最相符的描述。,multi,
D3,673100701,138,34,男,山东省,城镇,大学本科,24.84,超重_24<BMI≤28,超重且有可识别合并症,关节运动系统,"[2,4]",[2],,,D 受访者基本情况,请选择与您的工作性质最相符的描述。,multi,
D3,211769103,150,32,男,黑龙江省,城镇,大学本科,27.13,超重_24<BMI≤28,超重且有可识别合并症,肝病或MASH线索,"[2,3]","[2,4]",,,D 受访者基本情况,请选择与您的工作性质最相符的描述。,multi,
D3,411313102,207,55,男,河南省,城镇,高中/中专/技校/职高,28.55,肥胖_BMI>28,肥胖且合并糖尿病,糖尿病,"[1,4]",[1],,,D 受访者基本情况,请选择与您的工作性质最相符的描述。,multi,
D5,411879101,120,55,男,河南省,城镇,大学本科,24.22,超重_24<BMI≤28,超重且有可识别合并症,高血压,2,3,,,D 受访者基本情况,请问您是否有子女？共有几个子女？,single,仅D4=2/3/4时询问。
D6,673100701,138,34,男,山东省,城镇,大学本科,24.84,超重_24<BMI≤28,超重且有可识别合并症,关节运动系统,3,1,,,D 受访者基本情况,日常生活中，您主要需要照顾哪些家庭成员？,single,
D7,420493101,123,45,男,湖北省,城镇,大学本科,24.51,超重_24<BMI≤28,超重且有可识别合并症,高血压；心脑血管,"{""1"":7,""2"":6,""3"":6,""4"":6,""5"":4,""6"":7,""7"":5,""8"":6,""9"":6,""10"":6}","{""1"":7,""2"":6,""3"":6,""4"":6,""5"":5,""6"":7,""7"":5,""8"":6,""9"":6,""10"":7}",,,D 受访者基本情况,请对以下健康理念和身体状态表述的认同度打分。,matrix_rating_1_7,
D7,211769103,150,32,男,黑龙江省,城镇,大学本科,27.13,超重_24<BMI≤28,超重且有可识别合并症,肝病或MASH线索,"{""1"":6,""2"":6,""3"":5,""4"":5,""5"":4,""6"":7,""7"":5,""8"":5,""9"":5,""10"":6}","{""1"":6,""2"":6,""3"":5,""4"":5,""5"":4,""6"":7,""7"":5,""8"":6,""9"":5,""10"":6}",,,D 受访者基本情况,请对以下健康理念和身体状态表述的认同度打分。,matrix_rating_1_7,
D7,450250102,151,52,男,广西壮族自治区,城镇,高中/中专/技校/职高,26.35,超重_24<BMI≤28,超重且有可识别合并症,关节运动系统,"{""1"":6,""2"":6,""3"":5,""4"":5,""5"":4,""6"":7,""7"":5,""8"":5,""9"":6,""10"":6}","{""1"":7,""2"":7,""3"":6,""4"":6,""5"":4,""6"":7,""7"":5,""8"":5,""9"":7,""10"":6}",,,D 受访者基本情况,请对以下健康理念和身体状态表述的认同度打分。,matrix_rating_1_7,
D7,411875101,187,47,男,河南省,城镇,大学本科,26.73,超重_24<BMI≤28,超重且有可识别合并症,高血压,"{""1"":7,""2"":6,""3"":6,""4"":6,""5"":4,""6"":7,""7"":5,""8"":6,""9"":6,""10"":6}","{""1"":7,""2"":6,""3"":6,""4"":6,""5"":4,""6"":7,""7"":5,""8"":5,""9"":6,""10"":6}",,,D 受访者基本情况,请对以下健康理念和身体状态表述的认同度打分。,matrix_rating_1_7,
D7,411313102,207,55,男,河南省,城镇,高中/中专/技校/职高,28.55,肥胖_BMI>28,肥胖且合并糖尿病,糖尿病,"{""1"":7,""2"":6,""3"":6,""4"":6,""5"":5,""6"":7,""7"":5,""8"":5,""9"":7,""10"":6}","{""1"":7,""2"":7,""3"":6,""4"":6,""5"":4,""6"":7,""7"":5,""8"":5,""9"":7,""10"":6}",,,D 受访者基本情况,请对以下健康理念和身体状态表述的认同度打分。,matrix_rating_1_7,
D7,220322103,47,32,女,吉林省,城镇,大学本科,28.04,肥胖_BMI>28,肥胖未识别糖尿病,关节运动系统,"{""1"":6,""2"":6,""3"":5,""4"":5,""5"":4,""6"":7,""7"":5,""8"":5,""9"":5,""10"":6}","{""1"":7,""2"":7,""3"":5,""4"":5,""5"":4,""6"":7,""7"":6,""8"":6,""9"":5,""10"":6}",,,D 受访者基本情况,请对以下健康理念和身体状态表述的认同度打分。,matrix_rating_1_7,
D7,411244104,51,49,女,河南省,城镇,高中/中专/技校/职高,30.85,肥胖_BMI>28,肥胖未识别糖尿病,无可识别研究相关合并症,"{""1"":7,""2"":6,""3"":6,""4"":6,""5"":5,""6"":7,""7"":5,""8"":5,""9"":6,""10"":6}","{""1"":7,""2"":7,""3"":6,""4"":6,""5"":5,""6"":7,""7"":5,""8"":5,""9"":6,""10"":6}",,,D 受访者基本情况,请对以下健康理念和身体状态表述的认同度打分。,matrix_rating_1_7,
D7,310855102,86,61,女,上海市,城镇,高中/中专/技校/职高,33.3,肥胖_BMI>28,肥胖未识别糖尿病,无可识别研究相关合并症,"{""1"":7,""2"":7,""3"":6,""4"":6,""5"":4,""6"":7,""7"":4,""8"":5,""9"":5,""10"":5}","{""1"":7,""2"":6,""3"":6,""4"":6,""5"":4,""6"":7,""7"":4,""8"":5,""9"":4,""10"":5}",,,D 受访者基本情况,请对以下健康理念和身体状态表述的认同度打分。,matrix_rating_1_7,
D8,420493101,123,45,男,湖北省,城镇,大学本科,24.51,超重_24<BMI≤28,超重且有可识别合并症,高血压；心脑血管,"{""1"":5,""2"":6,""3"":6,""4"":6}","{""1"":6,""2"":6,""3"":6,""4"":6}",,,D 受访者基本情况,请对以下减重理念的认同度打分。,matrix_rating_1_7,
D8,211769103,150,32,男,黑龙江省,城镇,大学本科,27.13,超重_24<BMI≤28,超重且有可识别合并症,肝病或MASH线索,"{""1"":6,""2"":6,""3"":6,""4"":6}","{""1"":5,""2"":6,""3"":6,""4"":6}",,,D 受访者基本情况,请对以下减重理念的认同度打分。,matrix_rating_1_7,
D9,411879101,120,55,男,河南省,城镇,大学本科,24.22,超重_24<BMI≤28,超重且有可识别合并症,高血压,4,3,,,D 受访者基本情况,想象一个理想的微信支持工具，以下哪种功能对您最有吸引力？,single,仅D8-4>5时询问。
D9,673100701,138,34,男,山东省,城镇,大学本科,24.84,超重_24<BMI≤28,超重且有可识别合并症,关节运动系统,3,2,,,D 受访者基本情况,想象一个理想的微信支持工具，以下哪种功能对您最有吸引力？,single,仅D8-4>5时询问。
D9,411875101,187,47,男,河南省,城镇,大学本科,26.73,超重_24<BMI≤28,超重且有可识别合并症,高血压,3,2,,,D 受访者基本情况,想象一个理想的微信支持工具，以下哪种功能对您最有吸引力？,single,仅D8-4>5时询问。
D9,220322103,47,32,女,吉林省,城镇,大学本科,28.04,肥胖_BMI>28,肥胖未识别糖尿病,关节运动系统,3,2,,,D 受访者基本情况,想象一个理想的微信支持工具，以下哪种功能对您最有吸引力？,single,仅D8-4>5时询问。
S10,411879101,120,55,男,河南省,城镇,大学本科,24.22,超重_24<BMI≤28,超重且有可识别合并症,高血压,"[2,5,9,10,12,13]","[2,4,9,10]",,,甄别问卷,请问您既往经历过以下哪些减重方式？,multi,
S10,420493101,123,45,男,湖北省,城镇,大学本科,24.51,超重_24<BMI≤28,超重且有可识别合并症,高血压；心脑血管,"[2,9,10,11,12,13]","[2,4,9,10,13]",,,甄别问卷,请问您既往经历过以下哪些减重方式？,multi,
S10,673100701,138,34,男,山东省,城镇,大学本科,24.84,超重_24<BMI≤28,超重且有可识别合并症,关节运动系统,"[2,4,9,10]","[2,4,9,11,13]",,,甄别问卷,请问您既往经历过以下哪些减重方式？,multi,
S10,211769103,150,32,男,黑龙江省,城镇,大学本科,27.13,超重_24<BMI≤28,超重且有可识别合并症,肝病或MASH线索,"[2,3,4,9,12]","[2,4,9,12,13]",,,甄别问卷,请问您既往经历过以下哪些减重方式？,multi,
S10,411875101,187,47,男,河南省,城镇,大学本科,26.73,超重_24<BMI≤28,超重且有可识别合并症,高血压,"[2,3,4,9,10,12,13]","[2,4,9,11]",,,甄别问卷,请问您既往经历过以下哪些减重方式？,multi,
S10,411313102,207,55,男,河南省,城镇,高中/中专/技校/职高,28.55,肥胖_BMI>28,肥胖且合并糖尿病,糖尿病,"[2,3,4,5,9]","[2,4,9,12,13]",,,甄别问卷,请问您既往经历过以下哪些减重方式？,multi,
S10,220322103,47,32,女,吉林省,城镇,大学本科,28.04,肥胖_BMI>28,肥胖未识别糖尿病,关节运动系统,"[2,3,4,9]","[2,3,4,9,12]",,,甄别问卷,请问您既往经历过以下哪些减重方式？,multi,
S10,310855102,86,61,女,上海市,城镇,高中/中专/技校/职高,33.3,肥胖_BMI>28,肥胖未识别糖尿病,无可识别研究相关合并症,"[2,3,4,5,9]","[2,3,4,9,13]",,,甄别问卷,请问您既往经历过以下哪些减重方式？,multi,
S6,411879101,120,55,男,河南省,城镇,大学本科,24.22,超重_24<BMI≤28,超重且有可识别合并症,高血压,"{""height_cm"":170,""weight_kg"":70,""waist_cm"":92}","{""height_cm"":170,""weight_kg"":70,""waist_cm"":90}",,,甄别问卷,请问您的身高为多少厘米？当前体重为多少公斤？腰围为多少厘米？,numeric_group,
S6,220322103,47,32,女,吉林省,城镇,大学本科,28.04,肥胖_BMI>28,肥胖未识别糖尿病,关节运动系统,"{""height_cm"":158,""weight_kg"":70,""waist_cm"":88}","{""height_cm"":158,""weight_kg"":70,""waist_cm"":90}",,,甄别问卷,请问您的身高为多少厘米？当前体重为多少公斤？腰围为多少厘米？,numeric_group,
S8,673100701,138,34,男,山东省,城镇,大学本科,24.84,超重_24<BMI≤28,超重且有可识别合并症,关节运动系统,"[11,97]",[11],,,甄别问卷,请问您有以下哪些合并症/基础病或指标异常的情况？,multi,
X1,411879101,120,55,男,河南省,城镇,大学本科,24.22,超重_24<BMI≤28,超重且有可识别合并症,高血压,"{""all_drivers"":[1,2,3,4],""most_important"":3}","{""all_drivers"":[1,3,4],""most_important"":3}",,,B GLP-1药物选择与使用情况,哪些GLP-1用药体验优化可以驱动您坚持使用GLP-1？最重要因素是什么？,multi_plus_single,
